K,interval_decision1,agent_id,cell_type,damage_signal_decision1,inflammatory_signal_decision1,fibrosis_signal_decision1,resolution_signal_decision1,TGFb_like_signal_decision1,SPP1_like_signal_decision1,chemokine_signal_decision1,motility_decision1,death_multiplier_decision1,proliferation_multiplier_decision1,dominant_program_decision1,reasoning_brief_decision1,interval_decision2,damage_signal_decision2,inflammatory_signal_decision2,fibrosis_signal_decision2,resolution_signal_decision2,TGFb_like_signal_decision2,SPP1_like_signal_decision2,chemokine_signal_decision2,motility_decision2,death_multiplier_decision2,proliferation_multiplier_decision2,dominant_program_decision2,reasoning_brief_decision2,program_changed
20,0,micro_agent_003,alveolar_epithelial_AT1_AT2,0.02,0.01,0.01,0.03,0.01,0.01,0.02,0.05,0.5,0.3,homeostatic_epithelial_maintenance,Low damage and inflammatory signals with adequate oxygen indicate a stable alveolar epithelial state; minimal communication and low motility/proliferation/death are appropriate for homeostasis.,1,0.05,0.05,0.05,0.25,0.05,0.05,0.1,0.05,0.5,0.2,epithelial_repair_quiescence,Local oxygen is mildly below baseline with low damage and balanced signals; AT1/AT2 cell adopts a quiescent repair-supporting program with minimal communication and low proliferation/death.,True
20,0,micro_agent_014,macrophage,0.1,0.45,0.05,0.05,0.05,0.35,0.4,0.55,0.8,0.6,inflammatory_recruitment,"Macrophage in injured tissue with elevated damage/chemokine signals; prioritize inflammatory and chemokine secretion to recruit immune cells, moderate SPP1-like signaling, low resolution/TGFb/remodeling, and increased motility for local surveillance.",1,0.05,0.12,0.22,0.42,0.18,0.08,0.1,0.28,0.7,0.35,resolution_transition,"Local damage, inflammatory, and chemokine signals are high but balanced by equally elevated resolution/TGFb/remodeling signals; macrophage shifts from inflammatory recruitment toward a resolution/remodeling program with reduced inflammatory output, moderate motility, and low proliferation.",True
50,0,micro_agent_003,alveolar_epithelial_AT1_AT2,0.02,0.01,0.01,0.03,0.01,0.01,0.02,0.05,0.5,0.3,homeostatic_epithelial_maintenance,Low damage and inflammatory signals with adequate oxygen indicate a stable alveolar epithelial state; minimal communication and low motility/proliferation/death are appropriate for maintenance without triggering unnecessary inflammation or remodeling.,1,0.12,0.08,0.06,0.22,0.05,0.04,0.18,0.18,0.85,1.35,alveolar_epithelial_repair_activation,"Local oxygen is mildly below baseline with elevated damage, inflammatory, and resolution signals. As alveolar epithelium, the cell shifts toward a bounded repair/activation program: modest chemokine and damage signaling to recruit support, increased resolution signaling to counter persistent inflammation, low TGFb/SPP1/remodeling to avoid fibrotic drift, reduced death, and moderate proliferation to restore epithelial coverage.",True
50,0,micro_agent_007,alveolar_epithelial_AT1_AT2,0.03,0.02,0.02,0.04,0.02,0.02,0.03,0.05,0.3,0.2,homeostatic_epithelial_maintenance,Low damage and inflammatory signals with adequate oxygen indicate stable alveolar epithelium; minimal communication and low motility/proliferation/death maintain homeostasis.,1,0.12,0.08,0.04,0.05,0.03,0.02,0.18,0.08,1.35,0.45,epithelial_injury_response,"Local oxygen is below baseline while damage, inflammatory, chemokine, and remodeling signals are elevated, indicating acute epithelial injury. AT1/AT2 cells should limit motility, modestly increase death risk, reduce proliferation, and emit low chemokine/damage signals to recruit repair cells without amplifying inflammation.",True
50,0,micro_agent_014,macrophage,0.05,0.45,0.05,0.05,0.05,0.35,0.4,0.55,0.8,0.6,inflammatory_recruitment,Macrophage in a high-signal inflammatory niche; prioritize chemokine/inflammatory/SPP1-like output and moderate motility for recruitment while keeping resolution and remodeling low.,1,0.05,0.12,0.2,0.38,0.22,0.1,0.08,0.28,0.7,0.35,resolution_transition,"Local inflammatory and damage signals remain elevated but resolution signal is comparably high and prior inflammatory exposure is persistent, so the macrophage shifts from inflammatory recruitment toward a resolution/remodeling-leaning program with reduced inflammatory and chemokine output, moderate TGFb-like and remodeling signaling, lowered motility, and restrained proliferation.",True
50,0,micro_agent_015,macrophage,0.12,0.42,0.06,0.08,0.05,0.38,0.35,0.55,0.9,0.35,inflammatory_macrophage_activation,High damage/inflammatory/SPP1/chemokine signals with low oxygen favor macrophage inflammatory activation and modest motility; resolution/TGFb/remodeling output kept low to avoid premature anti-inflammatory shift.,1,0.05,0.12,0.22,0.42,0.28,0.08,0.1,0.32,0.7,0.35,resolution_macrophage_activation,"High local damage/inflammatory signals with prior acute inflammatory exposure and elevated resolution signal favor a resolution/remodeling macrophage program: dampen inflammatory output, promote resolution and TGFb-like/remodeling signaling, reduce chemokine/SPP1, and keep motility moderate for tissue surveillance.",True
50,0,micro_agent_016,macrophage,0.05,0.45,0.05,0.1,0.05,0.4,0.35,0.45,0.8,0.6,inflammatory_macrophage_activation,Local damage and inflammatory signals are elevated with balanced resolution/TGFb/SPP1/remodeling cues; macrophage-lineage cell adopts a moderate inflammatory/SPP1-like secretory program with increased motility and restrained proliferation/death to support early injury response.,1,0.05,0.12,0.16,0.42,0.18,0.08,0.1,0.28,0.7,0.35,resolution_macrophage_activation,"Persistent inflammatory exposure with high resolution signal shifts macrophage toward resolution/repair phenotype, reducing inflammatory output and increasing resolution/TGFb-like signaling while limiting proliferation.",True
50,0,micro_agent_017,macrophage,0.12,0.42,0.06,0.08,0.05,0.38,0.45,0.55,0.9,0.35,inflammatory_macrophage_activation,"High damage, inflammatory, chemokine, and SPP1-like signals with adequate oxygen favor an inflammatory/SPP1 macrophage program; modest motility supports recruitment, while low proliferation and near-baseline death reflect a differentiated, stress-responsive macrophage.",1,0.05,0.12,0.22,0.42,0.28,0.08,0.1,0.35,0.8,0.6,resolution_macrophage_activation,"High prior inflammatory exposure with elevated resolution signal supports a shift toward resolution/remodeling macrophage program, reducing inflammatory output while promoting resolution and modest TGFb-like/remodeling signaling.",True
50,0,micro_agent_020,macrophage,0.0,0.02,0.0,0.05,0.0,0.0,0.03,0.35,0.8,0.15,surveillance,"Low, uniform damage/inflammatory signals and adequate oxygen indicate a quiescent tissue state; macrophage adopts a surveillance program with low secretion, moderate motility, and minimal proliferation.",1,0.05,0.35,0.05,0.05,0.05,0.25,0.4,0.45,0.8,0.6,inflammatory_recruitment,"Elevated damage, inflammatory, chemokine, and SPP1-like signals with adequate oxygen favor a macrophage inflammatory recruitment program: moderate motility, chemokine/inflammatory/SPP1 secretion, and restrained proliferation/death.",True
50,0,micro_agent_023,recruited_monocyte_macrophage,0.1,0.4,0.05,0.05,0.05,0.3,0.35,0.6,1.0,0.5,inflammatory_recruitment,"Recruited monocyte-macrophage with moderate damage/inflammatory/chemokine signals and low oxygen adopts an inflammatory recruitment program: secretes inflammatory, chemokine, and SPP1-like signals, maintains moderate motility, and limits proliferation.",1,0.08,0.42,0.1,0.12,0.06,0.38,0.34,0.22,0.9,0.35,persistent_inflammatory_macrophage,"Local inflammatory, chemokine, and SPP1-like signals remain high relative to oxygen, so the recruited macrophage maintains a bounded inflammatory/SPP1-like secretory program with low motility and limited proliferation.",True
50,0,micro_agent_036,endothelial,0.02,0.02,0.02,0.08,0.03,0.01,0.03,0.08,0.35,0.12,endothelial_quiescent_surveillance,"Low damage, inflammatory, and remodeling signals with adequate oxygen indicate a stable endothelial microenvironment. The cell adopts a quiescent surveillance program with minimal communication, low motility, low death, and low proliferation to maintain barrier integrity without driving inflammation or remodeling.",1,0.08,0.12,0.07,0.06,0.05,0.04,0.28,0.18,0.9,0.35,endothelial_activation_and_chemokine_recruitment,"Local oxygen is modestly reduced and damage/inflammatory/chemokine signals are elevated relative to prior quiescent memory, consistent with endothelial activation. I prioritize chemokine-mediated leukocyte recruitment while limiting overt inflammatory and matrix-remodeling output. Motility is mildly increased for junctional sampling, proliferation is restrained, and death susceptibility is near baseline.",True
50,0,micro_agent_045,airway_epithelial,0.03,0.02,0.02,0.03,0.02,0.01,0.03,0.08,0.3,0.35,homeostatic_epithelial_maintenance,"Low damage/inflammatory signals and no prior memory indicate a quiescent airway epithelial cell; minimal communication, low motility, low death, and restrained proliferation maintain barrier homeostasis.",1,0.18,0.12,0.1,0.22,0.08,0.05,0.16,0.18,0.85,0.45,stress_adaptive_epithelial_repair,"Local oxygen is mildly below baseline while damage, inflammatory, and chemokine signals are elevated, indicating epithelial stress/injury. The cell adopts a restrained repair program: modest damage/chemokine communication, slight resolution signaling, low motility, reduced proliferation, and mildly increased death susceptibility rather than aggressive inflammatory output.",True
100,0,micro_agent_003,alveolar_epithelial_AT1_AT2,0.05,0.03,0.03,0.08,0.02,0.02,0.04,0.05,0.5,0.2,epithelial_repair_quiescence,"Low damage/inflammatory signals and adequate oxygen favor a quiescent epithelial repair program with minimal communication, low motility, and reduced proliferation/death.",1,0.08,0.05,0.05,0.18,0.04,0.03,0.07,0.08,0.6,0.35,quiescent_repair,"Low oxygen with elevated but balanced damage/inflammatory/resolution signals; AT1/AT2 cell favors restrained repair, low motility, moderate survival, and minimal proliferation to avoid further injury.",True
100,0,micro_agent_007,alveolar_epithelial_AT1_AT2,0.05,0.03,0.02,0.06,0.02,0.02,0.04,0.05,0.3,0.2,homeostatic_epithelial_maintenance,Low damage/inflammatory signals and adequate oxygen indicate stable alveolar epithelium; minimal communication and low motility/proliferation/death to maintain barrier without driving inflammation or remodeling.,1,0.12,0.08,0.06,0.22,0.05,0.04,0.15,0.08,1.35,0.35,stress_adaptive_repair,"Hypoxic and high damage/inflammatory/remodeling signals with elevated resolution indicate persistent injury; AT1/AT2 cell adopts a stress-adaptive repair program with low motility, modestly increased death risk, reduced proliferation, and restrained epithelial chemokine/damage signaling while supporting resolution.",True
100,0,micro_agent_012,activated_Krt8_ADI_epithelial,0.05,0.03,0.02,0.04,0.02,0.01,0.06,0.15,0.5,0.8,epithelial_repair_quiescence,Low damage and inflammatory signals with adequate oxygen indicate a stable epithelial state; minimal communication and moderate proliferation support tissue maintenance without excessive inflammation.,1,0.18,0.08,0.06,0.12,0.05,0.04,0.16,0.22,0.85,0.65,bounded_repair_epithelial,"Local oxygen is adequate and damage/inflammatory signals are modestly elevated with balanced resolution. As an activated Krt8+ ADI epithelial cell, I adopt a restrained repair program: low-to-moderate damage and chemokine communication, minimal pro-fibrotic/SPP1 output, limited motility, reduced death, and modest proliferation to support epithelial recovery without amplifying inflammation.",True
100,0,micro_agent_014,macrophage,0.12,0.42,0.06,0.08,0.05,0.35,0.45,0.62,0.9,0.35,inflammatory_recruitment,"Macrophage in injured tissue with elevated damage, inflammatory, and chemokine signals adopts an inflammatory/SPP1-like recruitment program with high motility and low proliferation.",1,0.05,0.12,0.22,0.42,0.18,0.08,0.1,0.28,0.7,0.35,resolution_transition,"Local inflammatory, damage, and chemokine signals are high but balanced by elevated resolution/TGFb/remodeling cues and prior inflammatory exposure, so the macrophage shifts from inflammatory recruitment toward a resolution/remodeling program with reduced inflammatory output, moderate motility, and low proliferation.",True
100,0,micro_agent_015,macrophage,0.05,0.35,0.05,0.05,0.05,0.25,0.4,0.45,0.8,0.6,inflammatory_recruitment,"Macrophage in injured environment with elevated damage, inflammatory, and chemokine signals; prioritize chemokine-driven recruitment and modest inflammatory/SPP1-like output while limiting resolution and remodeling programs.",1,0.05,0.12,0.16,0.42,0.18,0.08,0.1,0.28,0.7,0.35,resolution_transition,"Local inflammatory and damage signals are elevated but not extreme, with resolution/TGFb-like signals comparable to inflammatory cues. Prior inflammatory recruitment exposure is balanced by resolution exposure, so the macrophage shifts toward a resolution/remodeling program: reduced inflammatory and chemokine output, increased resolution signal, moderate motility, and low proliferation.",True
100,0,micro_agent_016,macrophage,0.05,0.35,0.05,0.1,0.05,0.25,0.3,0.45,0.8,0.6,inflammatory_macrophage_activation,"Local damage and inflammatory signals are elevated and balanced with resolution/TGFb/SPP1 signals. As a macrophage-lineage cell, I adopt an inflammatory/SPP1-like activation program with moderate chemokine output to recruit additional immune cells, while limiting tissue-remodeling output. Motility is increased for surveillance and recruitment, with moderate survival and low proliferation to sustain local presence without excessive expansion.",1,0.05,0.08,0.16,0.42,0.18,0.06,0.12,0.28,0.7,0.35,resolution_macrophage_activation,Persistent inflammatory exposure and high resolution signal favor a resolution/remodeling macrophage program with reduced inflammatory output and moderate motility.,True
100,0,micro_agent_018,macrophage,0.1,0.5,0.05,0.1,0.05,0.4,0.45,0.35,1.0,0.3,inflammatory_activation,"High damage/inflammatory/chemokine signals with adequate oxygen drive macrophage inflammatory activation and chemokine/SPP1 secretion; moderate motility for recruitment, low proliferation, baseline death.",1,0.05,0.12,0.16,0.42,0.18,0.08,0.1,0.28,0.7,0.35,resolution_activation,"High prior inflammatory exposure with elevated resolution signal favors a resolution/repair macrophage program, reducing inflammatory output while modestly supporting TGFb-like and remodeling signals.",True
100,0,micro_agent_019,macrophage,0.12,0.42,0.06,0.08,0.05,0.38,0.45,0.62,0.85,0.35,inflammatory_recruitment,"Macrophage in a uniformly elevated damage/inflammatory/chemokine field adopts an inflammatory recruitment program: moderate chemokine and inflammatory output, SPP1-like support, low resolution/TGFb/remodeling, increased motility for recruitment, and restrained proliferation.",1,0.08,0.12,0.16,0.42,0.18,0.1,0.14,0.22,0.7,0.35,resolution_transition,"Persistent inflammatory exposure with elevated resolution signal favors a macrophage transition toward resolution: dampen inflammatory/SPP1/chemokine output, raise resolution signal, reduce motility and proliferation, and keep death moderate.",True
100,0,micro_agent_021,macrophage,0.12,0.42,0.06,0.08,0.05,0.3,0.45,0.62,0.9,0.35,inflammatory_recruitment,Macrophage in a uniformly elevated inflammatory/chemokine/damage field with no prior memory; prioritize chemokine-driven recruitment and modest inflammatory/SPP1 output while keeping resolution and matrix-remodeling low.,1,0.05,0.12,0.22,0.42,0.18,0.08,0.1,0.28,0.7,0.35,resolution_transition,"High local damage/chemokine/inflammatory signals with prior inflammatory recruitment indicate a shift toward resolution; macrophage reduces inflammatory output, promotes resolution/remodeling, and limits proliferation.",True
100,0,micro_agent_022,recruited_monocyte_macrophage,0.08,0.42,0.1,0.12,0.06,0.28,0.38,0.62,0.85,0.35,inflammatory_recruitment_and_phagocytic_surveillance,"Recruited macrophage in a damage/inflammatory field with balanced resolution and SPP1-like cues. Prioritize chemokine-driven motility and moderate inflammatory/SPP1 secretion for monocyte recruitment and matrix crosstalk, while keeping resolution low and avoiding excessive proliferation or death.",1,0.12,0.42,0.1,0.18,0.08,0.34,0.45,0.62,0.85,0.35,persistent_inflammatory_recruitment_and_phagocytic_surveillance,"Local damage, chemokine, and inflammatory signals remain high with persistent inflammation flag; macrophage retains inflammatory recruitment and phagocytic surveillance while modestly increasing resolution exposure and limiting proliferation.",True
100,0,micro_agent_036,endothelial,0.0,0.0,0.0,0.0,0.0,0.0,0.0,0.02,0.25,0.05,homeostatic_quiescence,"Endothelial cell in a low-signal, high-oxygen environment with no recent memory; maintains quiescent homeostatic state with minimal communication, motility, death, and proliferation.",1,0.05,0.08,0.06,0.12,0.04,0.03,0.1,0.08,0.6,0.35,endothelial_barrier_maintenance,"Endothelial cell in a mildly injured environment with balanced inflammatory and resolution signals. Prioritize barrier maintenance, low motility, low secretion, and conservative proliferation/death to avoid vascular destabilization.",True
100,0,micro_agent_049,other,0.05,0.05,0.05,0.05,0.05,0.05,0.05,0.1,1.0,0.2,baseline_surveillance,"Low, uniform signals and no recent memory indicate a quiescent baseline state. Minimal communication, low motility, standard death, and low proliferation are appropriate for an unspecified 'other' cell type under surveillance.",1,0.02,0.02,0.02,0.05,0.02,0.02,0.03,0.08,0.9,0.1,quiescent_surveillance,"Local oxygen is adequate and all damage/inflammatory/remodeling signals are uniformly elevated but not extreme, with no directional cue or injury-specific pattern. As a generic non-specialized cell, the safest bounded response is to remain quiescent, avoid adding to the signal burden, and maintain low motility and proliferation while monitoring for a clearer role-specific cue.",True
