source_method_id,method,time_hours,normalized_DNB,normalized_distribution_shift,normalized_progression,normalized_velocity,evaluation_gene_count,common_DNB_gene_count
Real,Observed,0.0,0.0069903242748941,0.0,0.0,,7632,1601
Real,Observed,0.5,0.0132022311396831,0.2118830847469898,0.2761465313292185,0.875607764308918,7632,1601
Real,Observed,1.0,0.0802604090979059,0.3791138580166218,0.5120788832413345,1.0,7632,1601
Real,Observed,4.0,0.0,0.6725956261349041,0.7396067389899318,0.2241854892350912,7632,1601
Real,Observed,8.0,0.8183062103613478,1.0,1.0,0.1322266967213861,7632,1601
Real,Observed,12.0,1.0,0.6027357601943374,0.6400055930583626,0.1560245920671638,7632,1601
Real,Observed,24.0,0.1867270948261262,0.684078075807507,0.6811780961277948,0.0220538251434869,7632,1601
Real,Observed,48.0,0.0846340272214183,0.8526823126710301,0.8394496664759644,0.0134316384725985,7632,1601
Real,Observed,72.0,0.3486937896029921,0.7501613491926103,0.7468018831543798,0.0,7632,1601
chronODE-M,chronODE-M,0.0,1.0,0.0,0.0,,7632,1601
chronODE-M,chronODE-M,0.5,0.2636123721601772,0.0650269144448525,0.1029439190058104,1.0,7632,1601
chronODE-M,chronODE-M,1.0,0.1612530798870213,0.1144687434202229,0.1702903440116343,0.124328533723482,7632,1601
chronODE-M,chronODE-M,4.0,0.2315008362050481,0.2395096001061798,0.3268466268241716,0.1220823630940612,7632,1601
chronODE-M,chronODE-M,8.0,0.206645070786316,0.3301955270485173,0.4411396096558733,0.0315783713161213,7632,1601
chronODE-M,chronODE-M,12.0,0.1384737160184614,0.3755835918178233,0.4768617013334467,0.0,7632,1601
chronODE-M,chronODE-M,24.0,0.0238909018314861,0.5052900959571169,0.5630696472060985,0.0035242441202726,7632,1601
chronODE-M,chronODE-M,48.0,0.0,0.7492744204461865,0.7590609387868497,0.004893521872269,7632,1601
chronODE-M,chronODE-M,72.0,0.1874092913372601,1.0,1.0,0.0030221942392387,7632,1601
BOP-DMD,BOP-DMD,0.0,1.0,0.0,0.0,,7632,1601
BOP-DMD,BOP-DMD,0.5,0.8369633283528887,0.6952764165186368,0.7050297588892024,1.0,7632,1601
BOP-DMD,BOP-DMD,1.0,0.7005076129260047,0.9480553773189104,0.9504274065110104,0.0261698058916846,7632,1601
BOP-DMD,BOP-DMD,4.0,0.240797201790839,0.9999992322120927,0.9999992694606428,0.0001505091045914,7632,1601
BOP-DMD,BOP-DMD,8.0,0.0579832906381569,0.9999999999997276,0.9999999999997242,2.1218915872752107e-14,7632,1601
BOP-DMD,BOP-DMD,12.0,0.0139622119740203,1.0,1.0,3.690246238739497e-15,7632,1601
BOP-DMD,BOP-DMD,24.0,0.0001949405329647,1.0,1.0,0.0,7632,1601
BOP-DMD,BOP-DMD,48.0,3.743392426590606e-08,1.0,1.0,0.0,7632,1601
BOP-DMD,BOP-DMD,72.0,0.0,1.0,1.0,0.0,7632,1601
GPR,GPR,0.0,0.1094675634354263,0.0,0.0,,7632,1601
GPR,GPR,0.5,0.0,0.3150229893176438,0.3733694094057973,0.877824039364734,7632,1601
GPR,GPR,1.0,0.1844259485952209,0.5636579294980162,0.692366437791889,1.0,7632,1601
GPR,GPR,4.0,0.0021866552371418,1.0,1.0,0.2380080428582798,7632,1601
GPR,GPR,8.0,1.0,0.7060174783898607,0.9954400193832332,0.1933836972244202,7632,1601
GPR,GPR,12.0,0.4162593734404189,0.2278743187251561,0.3557538124488187,0.0502834622519581,7632,1601
GPR,GPR,24.0,0.0856397244894136,0.0047807566343679,0.0077826990585678,0.0253419852556863,7632,1601
GPR,GPR,48.0,0.1061042841873249,9.072062370593135e-06,1.4851581689440777e-05,0.0003480335071776,7632,1601
GPR,GPR,72.0,0.1091766752552357,7.720357809005858e-08,1.265467558530895e-07,0.0,7632,1601
AgentVC Online Agent pilot,Leca-VC,0.0,,0.0,0.0,,7632,1601
AgentVC Online Agent pilot,Leca-VC,0.5,,0.004675787393502,0.0048736065415615,0.0634606612053667,7632,1601
AgentVC Online Agent pilot,Leca-VC,1.0,,0.0279698790201203,0.0344392732721406,0.1751055184421369,7632,1601
AgentVC Online Agent pilot,Leca-VC,4.0,0.4450157970318451,0.5840136552660105,0.6804710411851981,1.0,7632,1601
AgentVC Online Agent pilot,Leca-VC,8.0,1.0,1.0,1.0,0.1455564473743373,7632,1601
AgentVC Online Agent pilot,Leca-VC,12.0,0.5800524292576936,0.1771970813661917,0.1784053287504617,0.6559033094562616,7632,1601
AgentVC Online Agent pilot,Leca-VC,24.0,0.0257238814451279,0.1610460564651698,0.0632105350916317,0.0869184500917152,7632,1601
AgentVC Online Agent pilot,Leca-VC,48.0,0.0,0.2903270031659278,0.1197470826699736,0.0044505126924072,7632,1601
AgentVC Online Agent pilot,Leca-VC,72.0,0.1774788711127973,0.3166312112768187,0.1304650607158778,0.0,7632,1601
