interval,decision,agent_id,cell_type,field,agent_output,physicell_writeback,absolute_difference
0,Decision 1,micro_agent_000,alveolar_epithelial_AT1_AT2,damage_signal,0.12,0.12,0.0
0,Decision 1,micro_agent_001,alveolar_epithelial_AT1_AT2,damage_signal,0.08,0.08,0.0
0,Decision 1,micro_agent_002,alveolar_epithelial_AT1_AT2,damage_signal,0.12,0.12,0.0
0,Decision 1,micro_agent_003,alveolar_epithelial_AT1_AT2,damage_signal,0.05,0.05,0.0
0,Decision 1,micro_agent_004,alveolar_epithelial_AT1_AT2,damage_signal,0.12,0.12,0.0
0,Decision 1,micro_agent_005,alveolar_epithelial_AT1_AT2,damage_signal,0.42,0.42,0.0
0,Decision 1,micro_agent_006,alveolar_epithelial_AT1_AT2,damage_signal,0.42,0.42,0.0
0,Decision 1,micro_agent_007,alveolar_epithelial_AT1_AT2,damage_signal,0.05,0.05,0.0
0,Decision 1,micro_agent_008,activated_Krt8_ADI_epithelial,damage_signal,0.42,0.42,0.0
0,Decision 1,micro_agent_009,activated_Krt8_ADI_epithelial,damage_signal,0.35,0.35,0.0
0,Decision 1,micro_agent_010,activated_Krt8_ADI_epithelial,damage_signal,0.18,0.18,0.0
0,Decision 1,micro_agent_011,activated_Krt8_ADI_epithelial,damage_signal,0.12,0.12,0.0
0,Decision 1,micro_agent_012,activated_Krt8_ADI_epithelial,damage_signal,0.05,0.05,0.0
0,Decision 1,micro_agent_013,activated_Krt8_ADI_epithelial,damage_signal,0.35,0.35,0.0
0,Decision 1,micro_agent_014,macrophage,damage_signal,0.12,0.12,0.0
0,Decision 1,micro_agent_015,macrophage,damage_signal,0.05,0.05,0.0
0,Decision 1,micro_agent_016,macrophage,damage_signal,0.05,0.05,0.0
0,Decision 1,micro_agent_017,macrophage,damage_signal,0.05,0.05,0.0
0,Decision 1,micro_agent_018,macrophage,damage_signal,0.1,0.1,0.0
0,Decision 1,micro_agent_019,macrophage,damage_signal,0.12,0.12,0.0
0,Decision 1,micro_agent_020,macrophage,damage_signal,0.02,0.02,0.0
0,Decision 1,micro_agent_021,macrophage,damage_signal,0.12,0.12,0.0
0,Decision 1,micro_agent_022,recruited_monocyte_macrophage,damage_signal,0.08,0.08,0.0
0,Decision 1,micro_agent_023,recruited_monocyte_macrophage,damage_signal,0.12,0.12,0.0
0,Decision 1,micro_agent_024,recruited_monocyte_macrophage,damage_signal,0.05,0.05,0.0
0,Decision 1,micro_agent_025,recruited_monocyte_macrophage,damage_signal,0.05,0.05,0.0
0,Decision 1,micro_agent_026,recruited_monocyte_macrophage,damage_signal,0.12,0.12,0.0
0,Decision 1,micro_agent_027,recruited_monocyte_macrophage,damage_signal,0.08,0.08,0.0
0,Decision 1,micro_agent_028,fibroblast_myofibroblast,damage_signal,0.05,0.05,0.0
0,Decision 1,micro_agent_029,fibroblast_myofibroblast,damage_signal,0.05,0.05,0.0
0,Decision 1,micro_agent_030,fibroblast_myofibroblast,damage_signal,0.05,0.05,0.0
0,Decision 1,micro_agent_031,fibroblast_myofibroblast,damage_signal,0.05,0.05,0.0
0,Decision 1,micro_agent_032,fibroblast_myofibroblast,damage_signal,0.02,0.02,0.0
0,Decision 1,micro_agent_033,fibroblast_myofibroblast,damage_signal,0.05,0.05,0.0
0,Decision 1,micro_agent_034,endothelial,damage_signal,0.02,0.02,0.0
0,Decision 1,micro_agent_035,endothelial,damage_signal,0.05,0.05,0.0
0,Decision 1,micro_agent_036,endothelial,damage_signal,0.0,0.0,0.0
0,Decision 1,micro_agent_037,endothelial,damage_signal,0.12,0.12,0.0
0,Decision 1,micro_agent_038,dendritic,damage_signal,0.05,0.05,0.0
0,Decision 1,micro_agent_039,dendritic,damage_signal,0.05,0.05,0.0
0,Decision 1,micro_agent_040,dendritic,damage_signal,0.05,0.05,0.0
0,Decision 1,micro_agent_041,lymphoid,damage_signal,0.05,0.05,0.0
0,Decision 1,micro_agent_042,lymphoid,damage_signal,0.05,0.05,0.0
0,Decision 1,micro_agent_043,lymphoid,damage_signal,0.0,0.0,0.0
0,Decision 1,micro_agent_044,airway_epithelial,damage_signal,0.12,0.12,0.0
0,Decision 1,micro_agent_045,airway_epithelial,damage_signal,0.05,0.05,0.0
0,Decision 1,micro_agent_046,airway_epithelial,damage_signal,0.18,0.18,0.0
0,Decision 1,micro_agent_047,airway_epithelial,damage_signal,0.35,0.35,0.0
0,Decision 1,micro_agent_048,other,damage_signal,0.05,0.05,0.0
0,Decision 1,micro_agent_049,other,damage_signal,0.05,0.05,0.0
1,Decision 2,micro_agent_000,alveolar_epithelial_AT1_AT2,damage_signal,0.12,0.12,0.0
1,Decision 2,micro_agent_001,alveolar_epithelial_AT1_AT2,damage_signal,0.08,0.08,0.0
1,Decision 2,micro_agent_002,alveolar_epithelial_AT1_AT2,damage_signal,0.12,0.12,0.0
1,Decision 2,micro_agent_003,alveolar_epithelial_AT1_AT2,damage_signal,0.08,0.08,0.0
1,Decision 2,micro_agent_004,alveolar_epithelial_AT1_AT2,damage_signal,0.12,0.12,0.0
1,Decision 2,micro_agent_005,alveolar_epithelial_AT1_AT2,damage_signal,0.12,0.12,0.0
1,Decision 2,micro_agent_007,alveolar_epithelial_AT1_AT2,damage_signal,0.12,0.12,0.0
1,Decision 2,micro_agent_010,activated_Krt8_ADI_epithelial,damage_signal,0.18,0.18,0.0
1,Decision 2,micro_agent_011,activated_Krt8_ADI_epithelial,damage_signal,0.12,0.12,0.0
1,Decision 2,micro_agent_012,activated_Krt8_ADI_epithelial,damage_signal,0.18,0.18,0.0
1,Decision 2,micro_agent_014,macrophage,damage_signal,0.05,0.05,0.0
1,Decision 2,micro_agent_015,macrophage,damage_signal,0.05,0.05,0.0
1,Decision 2,micro_agent_016,macrophage,damage_signal,0.05,0.05,0.0
1,Decision 2,micro_agent_017,macrophage,damage_signal,0.05,0.05,0.0
1,Decision 2,micro_agent_018,macrophage,damage_signal,0.05,0.05,0.0
1,Decision 2,micro_agent_019,macrophage,damage_signal,0.08,0.08,0.0
1,Decision 2,micro_agent_020,macrophage,damage_signal,0.05,0.05,0.0
1,Decision 2,micro_agent_021,macrophage,damage_signal,0.05,0.05,0.0
1,Decision 2,micro_agent_022,recruited_monocyte_macrophage,damage_signal,0.12,0.12,0.0
1,Decision 2,micro_agent_023,recruited_monocyte_macrophage,damage_signal,0.08,0.08,0.0
1,Decision 2,micro_agent_024,recruited_monocyte_macrophage,damage_signal,0.05,0.05,0.0
1,Decision 2,micro_agent_025,recruited_monocyte_macrophage,damage_signal,0.05,0.05,0.0
1,Decision 2,micro_agent_026,recruited_monocyte_macrophage,damage_signal,0.08,0.08,0.0
1,Decision 2,micro_agent_027,recruited_monocyte_macrophage,damage_signal,0.05,0.05,0.0
1,Decision 2,micro_agent_028,fibroblast_myofibroblast,damage_signal,0.05,0.05,0.0
1,Decision 2,micro_agent_029,fibroblast_myofibroblast,damage_signal,0.05,0.05,0.0
1,Decision 2,micro_agent_030,fibroblast_myofibroblast,damage_signal,0.04,0.04,0.0
1,Decision 2,micro_agent_031,fibroblast_myofibroblast,damage_signal,0.05,0.05,0.0
1,Decision 2,micro_agent_032,fibroblast_myofibroblast,damage_signal,0.05,0.05,0.0
1,Decision 2,micro_agent_033,fibroblast_myofibroblast,damage_signal,0.05,0.05,0.0
1,Decision 2,micro_agent_034,endothelial,damage_signal,0.05,0.05,0.0
1,Decision 2,micro_agent_035,endothelial,damage_signal,0.05,0.05,0.0
1,Decision 2,micro_agent_036,endothelial,damage_signal,0.05,0.05,0.0
1,Decision 2,micro_agent_037,endothelial,damage_signal,0.12,0.12,0.0
1,Decision 2,micro_agent_038,dendritic,damage_signal,0.08,0.08,0.0
1,Decision 2,micro_agent_039,dendritic,damage_signal,0.08,0.08,0.0
1,Decision 2,micro_agent_040,dendritic,damage_signal,0.05,0.05,0.0
1,Decision 2,micro_agent_041,lymphoid,damage_signal,0.05,0.05,0.0
1,Decision 2,micro_agent_042,lymphoid,damage_signal,0.05,0.05,0.0
1,Decision 2,micro_agent_043,lymphoid,damage_signal,0.02,0.02,0.0
1,Decision 2,micro_agent_044,airway_epithelial,damage_signal,0.12,0.12,0.0
1,Decision 2,micro_agent_045,airway_epithelial,damage_signal,0.08,0.08,0.0
1,Decision 2,micro_agent_046,airway_epithelial,damage_signal,0.18,0.18,0.0
1,Decision 2,micro_agent_048,other,damage_signal,0.02,0.02,0.0
1,Decision 2,micro_agent_049,other,damage_signal,0.02,0.02,0.0
0,Decision 1,micro_agent_000,alveolar_epithelial_AT1_AT2,inflammatory_signal,0.08,0.08,0.0
0,Decision 1,micro_agent_001,alveolar_epithelial_AT1_AT2,inflammatory_signal,0.05,0.05,0.0
0,Decision 1,micro_agent_002,alveolar_epithelial_AT1_AT2,inflammatory_signal,0.08,0.08,0.0
0,Decision 1,micro_agent_003,alveolar_epithelial_AT1_AT2,inflammatory_signal,0.03,0.03,0.0
0,Decision 1,micro_agent_004,alveolar_epithelial_AT1_AT2,inflammatory_signal,0.08,0.08,0.0
0,Decision 1,micro_agent_005,alveolar_epithelial_AT1_AT2,inflammatory_signal,0.18,0.18,0.0
0,Decision 1,micro_agent_006,alveolar_epithelial_AT1_AT2,inflammatory_signal,0.18,0.18,0.0
0,Decision 1,micro_agent_007,alveolar_epithelial_AT1_AT2,inflammatory_signal,0.03,0.03,0.0
0,Decision 1,micro_agent_008,activated_Krt8_ADI_epithelial,inflammatory_signal,0.18,0.18,0.0
0,Decision 1,micro_agent_009,activated_Krt8_ADI_epithelial,inflammatory_signal,0.25,0.25,0.0
0,Decision 1,micro_agent_010,activated_Krt8_ADI_epithelial,inflammatory_signal,0.12,0.12,0.0
0,Decision 1,micro_agent_011,activated_Krt8_ADI_epithelial,inflammatory_signal,0.08,0.08,0.0
0,Decision 1,micro_agent_012,activated_Krt8_ADI_epithelial,inflammatory_signal,0.03,0.03,0.0
0,Decision 1,micro_agent_013,activated_Krt8_ADI_epithelial,inflammatory_signal,0.25,0.25,0.0
0,Decision 1,micro_agent_014,macrophage,inflammatory_signal,0.42,0.42,0.0
0,Decision 1,micro_agent_015,macrophage,inflammatory_signal,0.35,0.35,0.0
0,Decision 1,micro_agent_016,macrophage,inflammatory_signal,0.35,0.35,0.0
0,Decision 1,micro_agent_017,macrophage,inflammatory_signal,0.35,0.35,0.0
0,Decision 1,micro_agent_018,macrophage,inflammatory_signal,0.5,0.5,0.0
0,Decision 1,micro_agent_019,macrophage,inflammatory_signal,0.42,0.42,0.0
0,Decision 1,micro_agent_020,macrophage,inflammatory_signal,0.05,0.05,0.0
0,Decision 1,micro_agent_021,macrophage,inflammatory_signal,0.42,0.42,0.0
0,Decision 1,micro_agent_022,recruited_monocyte_macrophage,inflammatory_signal,0.42,0.42,0.0
0,Decision 1,micro_agent_023,recruited_monocyte_macrophage,inflammatory_signal,0.42,0.42,0.0
0,Decision 1,micro_agent_024,recruited_monocyte_macrophage,inflammatory_signal,0.35,0.35,0.0
0,Decision 1,micro_agent_025,recruited_monocyte_macrophage,inflammatory_signal,0.35,0.35,0.0
0,Decision 1,micro_agent_026,recruited_monocyte_macrophage,inflammatory_signal,0.42,0.42,0.0
0,Decision 1,micro_agent_027,recruited_monocyte_macrophage,inflammatory_signal,0.42,0.42,0.0
0,Decision 1,micro_agent_028,fibroblast_myofibroblast,inflammatory_signal,0.08,0.08,0.0
0,Decision 1,micro_agent_029,fibroblast_myofibroblast,inflammatory_signal,0.08,0.08,0.0
0,Decision 1,micro_agent_030,fibroblast_myofibroblast,inflammatory_signal,0.08,0.08,0.0
0,Decision 1,micro_agent_031,fibroblast_myofibroblast,inflammatory_signal,0.08,0.08,0.0
0,Decision 1,micro_agent_032,fibroblast_myofibroblast,inflammatory_signal,0.03,0.03,0.0
0,Decision 1,micro_agent_033,fibroblast_myofibroblast,inflammatory_signal,0.08,0.08,0.0
0,Decision 1,micro_agent_034,endothelial,inflammatory_signal,0.02,0.02,0.0
0,Decision 1,micro_agent_035,endothelial,inflammatory_signal,0.08,0.08,0.0
0,Decision 1,micro_agent_036,endothelial,inflammatory_signal,0.0,0.0,0.0
0,Decision 1,micro_agent_037,endothelial,inflammatory_signal,0.18,0.18,0.0
0,Decision 1,micro_agent_038,dendritic,inflammatory_signal,0.12,0.12,0.0
0,Decision 1,micro_agent_039,dendritic,inflammatory_signal,0.08,0.08,0.0
0,Decision 1,micro_agent_040,dendritic,inflammatory_signal,0.12,0.12,0.0
0,Decision 1,micro_agent_041,lymphoid,inflammatory_signal,0.12,0.12,0.0
0,Decision 1,micro_agent_042,lymphoid,inflammatory_signal,0.1,0.1,0.0
0,Decision 1,micro_agent_043,lymphoid,inflammatory_signal,0.02,0.02,0.0
0,Decision 1,micro_agent_044,airway_epithelial,inflammatory_signal,0.08,0.08,0.0
0,Decision 1,micro_agent_045,airway_epithelial,inflammatory_signal,0.02,0.02,0.0
0,Decision 1,micro_agent_046,airway_epithelial,inflammatory_signal,0.08,0.08,0.0
0,Decision 1,micro_agent_047,airway_epithelial,inflammatory_signal,0.25,0.25,0.0
0,Decision 1,micro_agent_048,other,inflammatory_signal,0.05,0.05,0.0
0,Decision 1,micro_agent_049,other,inflammatory_signal,0.05,0.05,0.0
1,Decision 2,micro_agent_000,alveolar_epithelial_AT1_AT2,inflammatory_signal,0.08,0.08,0.0
1,Decision 2,micro_agent_001,alveolar_epithelial_AT1_AT2,inflammatory_signal,0.05,0.05,0.0
1,Decision 2,micro_agent_002,alveolar_epithelial_AT1_AT2,inflammatory_signal,0.08,0.08,0.0
1,Decision 2,micro_agent_003,alveolar_epithelial_AT1_AT2,inflammatory_signal,0.05,0.05,0.0
1,Decision 2,micro_agent_004,alveolar_epithelial_AT1_AT2,inflammatory_signal,0.08,0.08,0.0
1,Decision 2,micro_agent_005,alveolar_epithelial_AT1_AT2,inflammatory_signal,0.08,0.08,0.0
1,Decision 2,micro_agent_007,alveolar_epithelial_AT1_AT2,inflammatory_signal,0.08,0.08,0.0
1,Decision 2,micro_agent_010,activated_Krt8_ADI_epithelial,inflammatory_signal,0.12,0.12,0.0
1,Decision 2,micro_agent_011,activated_Krt8_ADI_epithelial,inflammatory_signal,0.08,0.08,0.0
1,Decision 2,micro_agent_012,activated_Krt8_ADI_epithelial,inflammatory_signal,0.08,0.08,0.0
1,Decision 2,micro_agent_014,macrophage,inflammatory_signal,0.12,0.12,0.0
1,Decision 2,micro_agent_015,macrophage,inflammatory_signal,0.12,0.12,0.0
1,Decision 2,micro_agent_016,macrophage,inflammatory_signal,0.08,0.08,0.0
1,Decision 2,micro_agent_017,macrophage,inflammatory_signal,0.42,0.42,0.0
1,Decision 2,micro_agent_018,macrophage,inflammatory_signal,0.12,0.12,0.0
1,Decision 2,micro_agent_019,macrophage,inflammatory_signal,0.12,0.12,0.0
1,Decision 2,micro_agent_020,macrophage,inflammatory_signal,0.08,0.08,0.0
1,Decision 2,micro_agent_021,macrophage,inflammatory_signal,0.12,0.12,0.0
1,Decision 2,micro_agent_022,recruited_monocyte_macrophage,inflammatory_signal,0.42,0.42,0.0
1,Decision 2,micro_agent_023,recruited_monocyte_macrophage,inflammatory_signal,0.34,0.34,0.0
1,Decision 2,micro_agent_024,recruited_monocyte_macrophage,inflammatory_signal,0.32,0.32,0.0
1,Decision 2,micro_agent_025,recruited_monocyte_macrophage,inflammatory_signal,0.42,0.42,0.0
1,Decision 2,micro_agent_026,recruited_monocyte_macrophage,inflammatory_signal,0.42,0.42,0.0
1,Decision 2,micro_agent_027,recruited_monocyte_macrophage,inflammatory_signal,0.35,0.35,0.0
1,Decision 2,micro_agent_028,fibroblast_myofibroblast,inflammatory_signal,0.08,0.08,0.0
1,Decision 2,micro_agent_029,fibroblast_myofibroblast,inflammatory_signal,0.08,0.08,0.0
1,Decision 2,micro_agent_030,fibroblast_myofibroblast,inflammatory_signal,0.05,0.05,0.0
1,Decision 2,micro_agent_031,fibroblast_myofibroblast,inflammatory_signal,0.08,0.08,0.0
1,Decision 2,micro_agent_032,fibroblast_myofibroblast,inflammatory_signal,0.08,0.08,0.0
1,Decision 2,micro_agent_033,fibroblast_myofibroblast,inflammatory_signal,0.08,0.08,0.0
1,Decision 2,micro_agent_034,endothelial,inflammatory_signal,0.05,0.05,0.0
1,Decision 2,micro_agent_035,endothelial,inflammatory_signal,0.08,0.08,0.0
1,Decision 2,micro_agent_036,endothelial,inflammatory_signal,0.08,0.08,0.0
1,Decision 2,micro_agent_037,endothelial,inflammatory_signal,0.22,0.22,0.0
1,Decision 2,micro_agent_038,dendritic,inflammatory_signal,0.12,0.12,0.0
1,Decision 2,micro_agent_039,dendritic,inflammatory_signal,0.12,0.12,0.0
1,Decision 2,micro_agent_040,dendritic,inflammatory_signal,0.08,0.08,0.0
1,Decision 2,micro_agent_041,lymphoid,inflammatory_signal,0.12,0.12,0.0
1,Decision 2,micro_agent_042,lymphoid,inflammatory_signal,0.08,0.08,0.0
1,Decision 2,micro_agent_043,lymphoid,inflammatory_signal,0.03,0.03,0.0
1,Decision 2,micro_agent_044,airway_epithelial,inflammatory_signal,0.08,0.08,0.0
1,Decision 2,micro_agent_045,airway_epithelial,inflammatory_signal,0.05,0.05,0.0
1,Decision 2,micro_agent_046,airway_epithelial,inflammatory_signal,0.08,0.08,0.0
1,Decision 2,micro_agent_048,other,inflammatory_signal,0.02,0.02,0.0
1,Decision 2,micro_agent_049,other,inflammatory_signal,0.02,0.02,0.0
0,Decision 1,micro_agent_000,alveolar_epithelial_AT1_AT2,fibrosis_signal,0.06,0.06,0.0
0,Decision 1,micro_agent_001,alveolar_epithelial_AT1_AT2,fibrosis_signal,0.05,0.05,0.0
0,Decision 1,micro_agent_002,alveolar_epithelial_AT1_AT2,fibrosis_signal,0.05,0.05,0.0
0,Decision 1,micro_agent_003,alveolar_epithelial_AT1_AT2,fibrosis_signal,0.03,0.03,0.0
0,Decision 1,micro_agent_004,alveolar_epithelial_AT1_AT2,fibrosis_signal,0.05,0.05,0.0
0,Decision 1,micro_agent_005,alveolar_epithelial_AT1_AT2,fibrosis_signal,0.1,0.1,0.0
0,Decision 1,micro_agent_006,alveolar_epithelial_AT1_AT2,fibrosis_signal,0.1,0.1,0.0
0,Decision 1,micro_agent_007,alveolar_epithelial_AT1_AT2,fibrosis_signal,0.02,0.02,0.0
0,Decision 1,micro_agent_008,activated_Krt8_ADI_epithelial,fibrosis_signal,0.06,0.06,0.0
0,Decision 1,micro_agent_009,activated_Krt8_ADI_epithelial,fibrosis_signal,0.1,0.1,0.0
0,Decision 1,micro_agent_010,activated_Krt8_ADI_epithelial,fibrosis_signal,0.06,0.06,0.0
0,Decision 1,micro_agent_011,activated_Krt8_ADI_epithelial,fibrosis_signal,0.05,0.05,0.0
0,Decision 1,micro_agent_012,activated_Krt8_ADI_epithelial,fibrosis_signal,0.02,0.02,0.0
0,Decision 1,micro_agent_013,activated_Krt8_ADI_epithelial,fibrosis_signal,0.1,0.1,0.0
0,Decision 1,micro_agent_014,macrophage,fibrosis_signal,0.06,0.06,0.0
0,Decision 1,micro_agent_015,macrophage,fibrosis_signal,0.05,0.05,0.0
0,Decision 1,micro_agent_016,macrophage,fibrosis_signal,0.05,0.05,0.0
0,Decision 1,micro_agent_017,macrophage,fibrosis_signal,0.05,0.05,0.0
0,Decision 1,micro_agent_018,macrophage,fibrosis_signal,0.05,0.05,0.0
0,Decision 1,micro_agent_019,macrophage,fibrosis_signal,0.06,0.06,0.0
0,Decision 1,micro_agent_020,macrophage,fibrosis_signal,0.01,0.01,0.0
0,Decision 1,micro_agent_021,macrophage,fibrosis_signal,0.06,0.06,0.0
0,Decision 1,micro_agent_022,recruited_monocyte_macrophage,fibrosis_signal,0.1,0.1,0.0
0,Decision 1,micro_agent_023,recruited_monocyte_macrophage,fibrosis_signal,0.1,0.1,0.0
0,Decision 1,micro_agent_024,recruited_monocyte_macrophage,fibrosis_signal,0.06,0.06,0.0
0,Decision 1,micro_agent_025,recruited_monocyte_macrophage,fibrosis_signal,0.05,0.05,0.0
0,Decision 1,micro_agent_026,recruited_monocyte_macrophage,fibrosis_signal,0.06,0.06,0.0
0,Decision 1,micro_agent_027,recruited_monocyte_macrophage,fibrosis_signal,0.1,0.1,0.0
0,Decision 1,micro_agent_028,fibroblast_myofibroblast,fibrosis_signal,0.45,0.45,0.0
0,Decision 1,micro_agent_029,fibroblast_myofibroblast,fibrosis_signal,0.48,0.48,0.0
0,Decision 1,micro_agent_030,fibroblast_myofibroblast,fibrosis_signal,0.28,0.28,0.0
0,Decision 1,micro_agent_031,fibroblast_myofibroblast,fibrosis_signal,0.45,0.45,0.0
0,Decision 1,micro_agent_032,fibroblast_myofibroblast,fibrosis_signal,0.18,0.18,0.0
0,Decision 1,micro_agent_033,fibroblast_myofibroblast,fibrosis_signal,0.42,0.42,0.0
0,Decision 1,micro_agent_034,endothelial,fibrosis_signal,0.02,0.02,0.0
0,Decision 1,micro_agent_035,endothelial,fibrosis_signal,0.05,0.05,0.0
0,Decision 1,micro_agent_036,endothelial,fibrosis_signal,0.0,0.0,0.0
0,Decision 1,micro_agent_037,endothelial,fibrosis_signal,0.1,0.1,0.0
0,Decision 1,micro_agent_038,dendritic,fibrosis_signal,0.06,0.06,0.0
0,Decision 1,micro_agent_039,dendritic,fibrosis_signal,0.04,0.04,0.0
0,Decision 1,micro_agent_040,dendritic,fibrosis_signal,0.04,0.04,0.0
0,Decision 1,micro_agent_041,lymphoid,fibrosis_signal,0.02,0.02,0.0
0,Decision 1,micro_agent_042,lymphoid,fibrosis_signal,0.0,0.0,0.0
0,Decision 1,micro_agent_043,lymphoid,fibrosis_signal,0.0,0.0,0.0
0,Decision 1,micro_agent_044,airway_epithelial,fibrosis_signal,0.04,0.04,0.0
0,Decision 1,micro_agent_045,airway_epithelial,fibrosis_signal,0.02,0.02,0.0
0,Decision 1,micro_agent_046,airway_epithelial,fibrosis_signal,0.06,0.06,0.0
0,Decision 1,micro_agent_047,airway_epithelial,fibrosis_signal,0.05,0.05,0.0
0,Decision 1,micro_agent_048,other,fibrosis_signal,0.05,0.05,0.0
0,Decision 1,micro_agent_049,other,fibrosis_signal,0.05,0.05,0.0
1,Decision 2,micro_agent_000,alveolar_epithelial_AT1_AT2,fibrosis_signal,0.06,0.06,0.0
1,Decision 2,micro_agent_001,alveolar_epithelial_AT1_AT2,fibrosis_signal,0.04,0.04,0.0
1,Decision 2,micro_agent_002,alveolar_epithelial_AT1_AT2,fibrosis_signal,0.04,0.04,0.0
1,Decision 2,micro_agent_003,alveolar_epithelial_AT1_AT2,fibrosis_signal,0.05,0.05,0.0
1,Decision 2,micro_agent_004,alveolar_epithelial_AT1_AT2,fibrosis_signal,0.06,0.06,0.0
1,Decision 2,micro_agent_005,alveolar_epithelial_AT1_AT2,fibrosis_signal,0.06,0.06,0.0
1,Decision 2,micro_agent_007,alveolar_epithelial_AT1_AT2,fibrosis_signal,0.06,0.06,0.0
1,Decision 2,micro_agent_010,activated_Krt8_ADI_epithelial,fibrosis_signal,0.05,0.05,0.0
1,Decision 2,micro_agent_011,activated_Krt8_ADI_epithelial,fibrosis_signal,0.04,0.04,0.0
1,Decision 2,micro_agent_012,activated_Krt8_ADI_epithelial,fibrosis_signal,0.06,0.06,0.0
1,Decision 2,micro_agent_014,macrophage,fibrosis_signal,0.22,0.22,0.0
1,Decision 2,micro_agent_015,macrophage,fibrosis_signal,0.16,0.16,0.0
1,Decision 2,micro_agent_016,macrophage,fibrosis_signal,0.16,0.16,0.0
1,Decision 2,micro_agent_017,macrophage,fibrosis_signal,0.05,0.05,0.0
1,Decision 2,micro_agent_018,macrophage,fibrosis_signal,0.16,0.16,0.0
1,Decision 2,micro_agent_019,macrophage,fibrosis_signal,0.16,0.16,0.0
1,Decision 2,micro_agent_020,macrophage,fibrosis_signal,0.03,0.03,0.0
1,Decision 2,micro_agent_021,macrophage,fibrosis_signal,0.22,0.22,0.0
1,Decision 2,micro_agent_022,recruited_monocyte_macrophage,fibrosis_signal,0.1,0.1,0.0
1,Decision 2,micro_agent_023,recruited_monocyte_macrophage,fibrosis_signal,0.06,0.06,0.0
1,Decision 2,micro_agent_024,recruited_monocyte_macrophage,fibrosis_signal,0.06,0.06,0.0
1,Decision 2,micro_agent_025,recruited_monocyte_macrophage,fibrosis_signal,0.07,0.07,0.0
1,Decision 2,micro_agent_026,recruited_monocyte_macrophage,fibrosis_signal,0.06,0.06,0.0
1,Decision 2,micro_agent_027,recruited_monocyte_macrophage,fibrosis_signal,0.1,0.1,0.0
1,Decision 2,micro_agent_028,fibroblast_myofibroblast,fibrosis_signal,0.45,0.45,0.0
1,Decision 2,micro_agent_029,fibroblast_myofibroblast,fibrosis_signal,0.45,0.45,0.0
1,Decision 2,micro_agent_030,fibroblast_myofibroblast,fibrosis_signal,0.34,0.34,0.0
1,Decision 2,micro_agent_031,fibroblast_myofibroblast,fibrosis_signal,0.45,0.45,0.0
1,Decision 2,micro_agent_032,fibroblast_myofibroblast,fibrosis_signal,0.38,0.38,0.0
1,Decision 2,micro_agent_033,fibroblast_myofibroblast,fibrosis_signal,0.48,0.48,0.0
1,Decision 2,micro_agent_034,endothelial,fibrosis_signal,0.04,0.04,0.0
1,Decision 2,micro_agent_035,endothelial,fibrosis_signal,0.12,0.12,0.0
1,Decision 2,micro_agent_036,endothelial,fibrosis_signal,0.06,0.06,0.0
1,Decision 2,micro_agent_037,endothelial,fibrosis_signal,0.1,0.1,0.0
1,Decision 2,micro_agent_038,dendritic,fibrosis_signal,0.08,0.08,0.0
1,Decision 2,micro_agent_039,dendritic,fibrosis_signal,0.1,0.1,0.0
1,Decision 2,micro_agent_040,dendritic,fibrosis_signal,0.04,0.04,0.0
1,Decision 2,micro_agent_041,lymphoid,fibrosis_signal,0.04,0.04,0.0
1,Decision 2,micro_agent_042,lymphoid,fibrosis_signal,0.04,0.04,0.0
1,Decision 2,micro_agent_043,lymphoid,fibrosis_signal,0.01,0.01,0.0
1,Decision 2,micro_agent_044,airway_epithelial,fibrosis_signal,0.06,0.06,0.0
1,Decision 2,micro_agent_045,airway_epithelial,fibrosis_signal,0.04,0.04,0.0
1,Decision 2,micro_agent_046,airway_epithelial,fibrosis_signal,0.07,0.07,0.0
1,Decision 2,micro_agent_048,other,fibrosis_signal,0.02,0.02,0.0
1,Decision 2,micro_agent_049,other,fibrosis_signal,0.02,0.02,0.0
0,Decision 1,micro_agent_000,alveolar_epithelial_AT1_AT2,resolution_signal,0.22,0.22,0.0
0,Decision 1,micro_agent_001,alveolar_epithelial_AT1_AT2,resolution_signal,0.12,0.12,0.0
0,Decision 1,micro_agent_002,alveolar_epithelial_AT1_AT2,resolution_signal,0.18,0.18,0.0
0,Decision 1,micro_agent_003,alveolar_epithelial_AT1_AT2,resolution_signal,0.08,0.08,0.0
0,Decision 1,micro_agent_004,alveolar_epithelial_AT1_AT2,resolution_signal,0.22,0.22,0.0
0,Decision 1,micro_agent_005,alveolar_epithelial_AT1_AT2,resolution_signal,0.3,0.3,0.0
0,Decision 1,micro_agent_006,alveolar_epithelial_AT1_AT2,resolution_signal,0.12,0.12,0.0
0,Decision 1,micro_agent_007,alveolar_epithelial_AT1_AT2,resolution_signal,0.06,0.06,0.0
0,Decision 1,micro_agent_008,activated_Krt8_ADI_epithelial,resolution_signal,0.08,0.08,0.0
0,Decision 1,micro_agent_009,activated_Krt8_ADI_epithelial,resolution_signal,0.15,0.15,0.0
0,Decision 1,micro_agent_010,activated_Krt8_ADI_epithelial,resolution_signal,0.08,0.08,0.0
0,Decision 1,micro_agent_011,activated_Krt8_ADI_epithelial,resolution_signal,0.04,0.04,0.0
0,Decision 1,micro_agent_012,activated_Krt8_ADI_epithelial,resolution_signal,0.04,0.04,0.0
0,Decision 1,micro_agent_013,activated_Krt8_ADI_epithelial,resolution_signal,0.15,0.15,0.0
0,Decision 1,micro_agent_014,macrophage,resolution_signal,0.08,0.08,0.0
0,Decision 1,micro_agent_015,macrophage,resolution_signal,0.05,0.05,0.0
0,Decision 1,micro_agent_016,macrophage,resolution_signal,0.1,0.1,0.0
0,Decision 1,micro_agent_017,macrophage,resolution_signal,0.05,0.05,0.0
0,Decision 1,micro_agent_018,macrophage,resolution_signal,0.1,0.1,0.0
0,Decision 1,micro_agent_019,macrophage,resolution_signal,0.08,0.08,0.0
0,Decision 1,micro_agent_020,macrophage,resolution_signal,0.03,0.03,0.0
0,Decision 1,micro_agent_021,macrophage,resolution_signal,0.08,0.08,0.0
0,Decision 1,micro_agent_022,recruited_monocyte_macrophage,resolution_signal,0.12,0.12,0.0
0,Decision 1,micro_agent_023,recruited_monocyte_macrophage,resolution_signal,0.18,0.18,0.0
0,Decision 1,micro_agent_024,recruited_monocyte_macrophage,resolution_signal,0.08,0.08,0.0
0,Decision 1,micro_agent_025,recruited_monocyte_macrophage,resolution_signal,0.05,0.05,0.0
0,Decision 1,micro_agent_026,recruited_monocyte_macrophage,resolution_signal,0.08,0.08,0.0
0,Decision 1,micro_agent_027,recruited_monocyte_macrophage,resolution_signal,0.12,0.12,0.0
0,Decision 1,micro_agent_028,fibroblast_myofibroblast,resolution_signal,0.12,0.12,0.0
0,Decision 1,micro_agent_029,fibroblast_myofibroblast,resolution_signal,0.12,0.12,0.0
0,Decision 1,micro_agent_030,fibroblast_myofibroblast,resolution_signal,0.12,0.12,0.0
0,Decision 1,micro_agent_031,fibroblast_myofibroblast,resolution_signal,0.12,0.12,0.0
0,Decision 1,micro_agent_032,fibroblast_myofibroblast,resolution_signal,0.05,0.05,0.0
0,Decision 1,micro_agent_033,fibroblast_myofibroblast,resolution_signal,0.12,0.12,0.0
0,Decision 1,micro_agent_034,endothelial,resolution_signal,0.05,0.05,0.0
0,Decision 1,micro_agent_035,endothelial,resolution_signal,0.12,0.12,0.0
0,Decision 1,micro_agent_036,endothelial,resolution_signal,0.0,0.0,0.0
0,Decision 1,micro_agent_037,endothelial,resolution_signal,0.08,0.08,0.0
0,Decision 1,micro_agent_038,dendritic,resolution_signal,0.35,0.35,0.0
0,Decision 1,micro_agent_039,dendritic,resolution_signal,0.35,0.35,0.0
0,Decision 1,micro_agent_040,dendritic,resolution_signal,0.18,0.18,0.0
0,Decision 1,micro_agent_041,lymphoid,resolution_signal,0.08,0.08,0.0
0,Decision 1,micro_agent_042,lymphoid,resolution_signal,0.05,0.05,0.0
0,Decision 1,micro_agent_043,lymphoid,resolution_signal,0.05,0.05,0.0
0,Decision 1,micro_agent_044,airway_epithelial,resolution_signal,0.14,0.14,0.0
0,Decision 1,micro_agent_045,airway_epithelial,resolution_signal,0.08,0.08,0.0
0,Decision 1,micro_agent_046,airway_epithelial,resolution_signal,0.12,0.12,0.0
0,Decision 1,micro_agent_047,airway_epithelial,resolution_signal,0.1,0.1,0.0
0,Decision 1,micro_agent_048,other,resolution_signal,0.12,0.12,0.0
0,Decision 1,micro_agent_049,other,resolution_signal,0.05,0.05,0.0
1,Decision 2,micro_agent_000,alveolar_epithelial_AT1_AT2,resolution_signal,0.22,0.22,0.0
1,Decision 2,micro_agent_001,alveolar_epithelial_AT1_AT2,resolution_signal,0.12,0.12,0.0
1,Decision 2,micro_agent_002,alveolar_epithelial_AT1_AT2,resolution_signal,0.18,0.18,0.0
1,Decision 2,micro_agent_003,alveolar_epithelial_AT1_AT2,resolution_signal,0.18,0.18,0.0
1,Decision 2,micro_agent_004,alveolar_epithelial_AT1_AT2,resolution_signal,0.18,0.18,0.0
1,Decision 2,micro_agent_005,alveolar_epithelial_AT1_AT2,resolution_signal,0.22,0.22,0.0
1,Decision 2,micro_agent_007,alveolar_epithelial_AT1_AT2,resolution_signal,0.22,0.22,0.0
1,Decision 2,micro_agent_010,activated_Krt8_ADI_epithelial,resolution_signal,0.08,0.08,0.0
1,Decision 2,micro_agent_011,activated_Krt8_ADI_epithelial,resolution_signal,0.05,0.05,0.0
1,Decision 2,micro_agent_012,activated_Krt8_ADI_epithelial,resolution_signal,0.12,0.12,0.0
1,Decision 2,micro_agent_014,macrophage,resolution_signal,0.42,0.42,0.0
1,Decision 2,micro_agent_015,macrophage,resolution_signal,0.42,0.42,0.0
1,Decision 2,micro_agent_016,macrophage,resolution_signal,0.42,0.42,0.0
1,Decision 2,micro_agent_017,macrophage,resolution_signal,0.08,0.08,0.0
1,Decision 2,micro_agent_018,macrophage,resolution_signal,0.42,0.42,0.0
1,Decision 2,micro_agent_019,macrophage,resolution_signal,0.42,0.42,0.0
1,Decision 2,micro_agent_020,macrophage,resolution_signal,0.12,0.12,0.0
1,Decision 2,micro_agent_021,macrophage,resolution_signal,0.42,0.42,0.0
1,Decision 2,micro_agent_022,recruited_monocyte_macrophage,resolution_signal,0.18,0.18,0.0
1,Decision 2,micro_agent_023,recruited_monocyte_macrophage,resolution_signal,0.12,0.12,0.0
1,Decision 2,micro_agent_024,recruited_monocyte_macrophage,resolution_signal,0.08,0.08,0.0
1,Decision 2,micro_agent_025,recruited_monocyte_macrophage,resolution_signal,0.08,0.08,0.0
1,Decision 2,micro_agent_026,recruited_monocyte_macrophage,resolution_signal,0.12,0.12,0.0
1,Decision 2,micro_agent_027,recruited_monocyte_macrophage,resolution_signal,0.12,0.12,0.0
1,Decision 2,micro_agent_028,fibroblast_myofibroblast,resolution_signal,0.12,0.12,0.0
1,Decision 2,micro_agent_029,fibroblast_myofibroblast,resolution_signal,0.12,0.12,0.0
1,Decision 2,micro_agent_030,fibroblast_myofibroblast,resolution_signal,0.08,0.08,0.0
1,Decision 2,micro_agent_031,fibroblast_myofibroblast,resolution_signal,0.12,0.12,0.0
1,Decision 2,micro_agent_032,fibroblast_myofibroblast,resolution_signal,0.12,0.12,0.0
1,Decision 2,micro_agent_033,fibroblast_myofibroblast,resolution_signal,0.12,0.12,0.0
1,Decision 2,micro_agent_034,endothelial,resolution_signal,0.12,0.12,0.0
1,Decision 2,micro_agent_035,endothelial,resolution_signal,0.22,0.22,0.0
1,Decision 2,micro_agent_036,endothelial,resolution_signal,0.12,0.12,0.0
1,Decision 2,micro_agent_037,endothelial,resolution_signal,0.18,0.18,0.0
1,Decision 2,micro_agent_038,dendritic,resolution_signal,0.34,0.34,0.0
1,Decision 2,micro_agent_039,dendritic,resolution_signal,0.34,0.34,0.0
1,Decision 2,micro_agent_040,dendritic,resolution_signal,0.12,0.12,0.0
1,Decision 2,micro_agent_041,lymphoid,resolution_signal,0.18,0.18,0.0
1,Decision 2,micro_agent_042,lymphoid,resolution_signal,0.12,0.12,0.0
1,Decision 2,micro_agent_043,lymphoid,resolution_signal,0.04,0.04,0.0
1,Decision 2,micro_agent_044,airway_epithelial,resolution_signal,0.18,0.18,0.0
1,Decision 2,micro_agent_045,airway_epithelial,resolution_signal,0.12,0.12,0.0
1,Decision 2,micro_agent_046,airway_epithelial,resolution_signal,0.14,0.14,0.0
1,Decision 2,micro_agent_048,other,resolution_signal,0.03,0.03,0.0
1,Decision 2,micro_agent_049,other,resolution_signal,0.05,0.05,0.0
0,Decision 1,micro_agent_000,alveolar_epithelial_AT1_AT2,TGFb_like_signal,0.05,0.05,0.0
0,Decision 1,micro_agent_001,alveolar_epithelial_AT1_AT2,TGFb_like_signal,0.04,0.04,0.0
0,Decision 1,micro_agent_002,alveolar_epithelial_AT1_AT2,TGFb_like_signal,0.06,0.06,0.0
0,Decision 1,micro_agent_003,alveolar_epithelial_AT1_AT2,TGFb_like_signal,0.02,0.02,0.0
0,Decision 1,micro_agent_004,alveolar_epithelial_AT1_AT2,TGFb_like_signal,0.06,0.06,0.0
0,Decision 1,micro_agent_005,alveolar_epithelial_AT1_AT2,TGFb_like_signal,0.12,0.12,0.0
0,Decision 1,micro_agent_006,alveolar_epithelial_AT1_AT2,TGFb_like_signal,0.08,0.08,0.0
0,Decision 1,micro_agent_007,alveolar_epithelial_AT1_AT2,TGFb_like_signal,0.02,0.02,0.0
0,Decision 1,micro_agent_008,activated_Krt8_ADI_epithelial,TGFb_like_signal,0.05,0.05,0.0
0,Decision 1,micro_agent_009,activated_Krt8_ADI_epithelial,TGFb_like_signal,0.1,0.1,0.0
0,Decision 1,micro_agent_010,activated_Krt8_ADI_epithelial,TGFb_like_signal,0.05,0.05,0.0
0,Decision 1,micro_agent_011,activated_Krt8_ADI_epithelial,TGFb_like_signal,0.03,0.03,0.0
0,Decision 1,micro_agent_012,activated_Krt8_ADI_epithelial,TGFb_like_signal,0.02,0.02,0.0
0,Decision 1,micro_agent_013,activated_Krt8_ADI_epithelial,TGFb_like_signal,0.1,0.1,0.0
0,Decision 1,micro_agent_014,macrophage,TGFb_like_signal,0.05,0.05,0.0
0,Decision 1,micro_agent_015,macrophage,TGFb_like_signal,0.05,0.05,0.0
0,Decision 1,micro_agent_016,macrophage,TGFb_like_signal,0.05,0.05,0.0
0,Decision 1,micro_agent_017,macrophage,TGFb_like_signal,0.05,0.05,0.0
0,Decision 1,micro_agent_018,macrophage,TGFb_like_signal,0.05,0.05,0.0
0,Decision 1,micro_agent_019,macrophage,TGFb_like_signal,0.05,0.05,0.0
0,Decision 1,micro_agent_020,macrophage,TGFb_like_signal,0.01,0.01,0.0
0,Decision 1,micro_agent_021,macrophage,TGFb_like_signal,0.05,0.05,0.0
0,Decision 1,micro_agent_022,recruited_monocyte_macrophage,TGFb_like_signal,0.06,0.06,0.0
0,Decision 1,micro_agent_023,recruited_monocyte_macrophage,TGFb_like_signal,0.08,0.08,0.0
0,Decision 1,micro_agent_024,recruited_monocyte_macrophage,TGFb_like_signal,0.05,0.05,0.0
0,Decision 1,micro_agent_025,recruited_monocyte_macrophage,TGFb_like_signal,0.05,0.05,0.0
0,Decision 1,micro_agent_026,recruited_monocyte_macrophage,TGFb_like_signal,0.05,0.05,0.0
0,Decision 1,micro_agent_027,recruited_monocyte_macrophage,TGFb_like_signal,0.06,0.06,0.0
0,Decision 1,micro_agent_028,fibroblast_myofibroblast,TGFb_like_signal,0.42,0.42,0.0
0,Decision 1,micro_agent_029,fibroblast_myofibroblast,TGFb_like_signal,0.42,0.42,0.0
0,Decision 1,micro_agent_030,fibroblast_myofibroblast,TGFb_like_signal,0.22,0.22,0.0
0,Decision 1,micro_agent_031,fibroblast_myofibroblast,TGFb_like_signal,0.42,0.42,0.0
0,Decision 1,micro_agent_032,fibroblast_myofibroblast,TGFb_like_signal,0.12,0.12,0.0
0,Decision 1,micro_agent_033,fibroblast_myofibroblast,TGFb_like_signal,0.34,0.34,0.0
0,Decision 1,micro_agent_034,endothelial,TGFb_like_signal,0.03,0.03,0.0
0,Decision 1,micro_agent_035,endothelial,TGFb_like_signal,0.04,0.04,0.0
0,Decision 1,micro_agent_036,endothelial,TGFb_like_signal,0.0,0.0,0.0
0,Decision 1,micro_agent_037,endothelial,TGFb_like_signal,0.05,0.05,0.0
0,Decision 1,micro_agent_038,dendritic,TGFb_like_signal,0.08,0.08,0.0
0,Decision 1,micro_agent_039,dendritic,TGFb_like_signal,0.12,0.12,0.0
0,Decision 1,micro_agent_040,dendritic,TGFb_like_signal,0.08,0.08,0.0
0,Decision 1,micro_agent_041,lymphoid,TGFb_like_signal,0.03,0.03,0.0
0,Decision 1,micro_agent_042,lymphoid,TGFb_like_signal,0.0,0.0,0.0
0,Decision 1,micro_agent_043,lymphoid,TGFb_like_signal,0.0,0.0,0.0
0,Decision 1,micro_agent_044,airway_epithelial,TGFb_like_signal,0.05,0.05,0.0
0,Decision 1,micro_agent_045,airway_epithelial,TGFb_like_signal,0.02,0.02,0.0
0,Decision 1,micro_agent_046,airway_epithelial,TGFb_like_signal,0.05,0.05,0.0
0,Decision 1,micro_agent_047,airway_epithelial,TGFb_like_signal,0.05,0.05,0.0
0,Decision 1,micro_agent_048,other,TGFb_like_signal,0.05,0.05,0.0
0,Decision 1,micro_agent_049,other,TGFb_like_signal,0.05,0.05,0.0
1,Decision 2,micro_agent_000,alveolar_epithelial_AT1_AT2,TGFb_like_signal,0.05,0.05,0.0
1,Decision 2,micro_agent_001,alveolar_epithelial_AT1_AT2,TGFb_like_signal,0.04,0.04,0.0
1,Decision 2,micro_agent_002,alveolar_epithelial_AT1_AT2,TGFb_like_signal,0.05,0.05,0.0
1,Decision 2,micro_agent_003,alveolar_epithelial_AT1_AT2,TGFb_like_signal,0.04,0.04,0.0
1,Decision 2,micro_agent_004,alveolar_epithelial_AT1_AT2,TGFb_like_signal,0.05,0.05,0.0
1,Decision 2,micro_agent_005,alveolar_epithelial_AT1_AT2,TGFb_like_signal,0.05,0.05,0.0
1,Decision 2,micro_agent_007,alveolar_epithelial_AT1_AT2,TGFb_like_signal,0.05,0.05,0.0
1,Decision 2,micro_agent_010,activated_Krt8_ADI_epithelial,TGFb_like_signal,0.04,0.04,0.0
1,Decision 2,micro_agent_011,activated_Krt8_ADI_epithelial,TGFb_like_signal,0.03,0.03,0.0
1,Decision 2,micro_agent_012,activated_Krt8_ADI_epithelial,TGFb_like_signal,0.05,0.05,0.0
1,Decision 2,micro_agent_014,macrophage,TGFb_like_signal,0.18,0.18,0.0
1,Decision 2,micro_agent_015,macrophage,TGFb_like_signal,0.18,0.18,0.0
1,Decision 2,micro_agent_016,macrophage,TGFb_like_signal,0.18,0.18,0.0
1,Decision 2,micro_agent_017,macrophage,TGFb_like_signal,0.05,0.05,0.0
1,Decision 2,micro_agent_018,macrophage,TGFb_like_signal,0.18,0.18,0.0
1,Decision 2,micro_agent_019,macrophage,TGFb_like_signal,0.18,0.18,0.0
1,Decision 2,micro_agent_020,macrophage,TGFb_like_signal,0.03,0.03,0.0
1,Decision 2,micro_agent_021,macrophage,TGFb_like_signal,0.18,0.18,0.0
1,Decision 2,micro_agent_022,recruited_monocyte_macrophage,TGFb_like_signal,0.08,0.08,0.0
1,Decision 2,micro_agent_023,recruited_monocyte_macrophage,TGFb_like_signal,0.05,0.05,0.0
1,Decision 2,micro_agent_024,recruited_monocyte_macrophage,TGFb_like_signal,0.04,0.04,0.0
1,Decision 2,micro_agent_025,recruited_monocyte_macrophage,TGFb_like_signal,0.06,0.06,0.0
1,Decision 2,micro_agent_026,recruited_monocyte_macrophage,TGFb_like_signal,0.05,0.05,0.0
1,Decision 2,micro_agent_027,recruited_monocyte_macrophage,TGFb_like_signal,0.08,0.08,0.0
1,Decision 2,micro_agent_028,fibroblast_myofibroblast,TGFb_like_signal,0.42,0.42,0.0
1,Decision 2,micro_agent_029,fibroblast_myofibroblast,TGFb_like_signal,0.42,0.42,0.0
1,Decision 2,micro_agent_030,fibroblast_myofibroblast,TGFb_like_signal,0.22,0.22,0.0
1,Decision 2,micro_agent_031,fibroblast_myofibroblast,TGFb_like_signal,0.42,0.42,0.0
1,Decision 2,micro_agent_032,fibroblast_myofibroblast,TGFb_like_signal,0.32,0.32,0.0
1,Decision 2,micro_agent_033,fibroblast_myofibroblast,TGFb_like_signal,0.42,0.42,0.0
1,Decision 2,micro_agent_034,endothelial,TGFb_like_signal,0.04,0.04,0.0
1,Decision 2,micro_agent_035,endothelial,TGFb_like_signal,0.06,0.06,0.0
1,Decision 2,micro_agent_036,endothelial,TGFb_like_signal,0.04,0.04,0.0
1,Decision 2,micro_agent_037,endothelial,TGFb_like_signal,0.08,0.08,0.0
1,Decision 2,micro_agent_038,dendritic,TGFb_like_signal,0.1,0.1,0.0
1,Decision 2,micro_agent_039,dendritic,TGFb_like_signal,0.16,0.16,0.0
1,Decision 2,micro_agent_040,dendritic,TGFb_like_signal,0.04,0.04,0.0
1,Decision 2,micro_agent_041,lymphoid,TGFb_like_signal,0.03,0.03,0.0
1,Decision 2,micro_agent_042,lymphoid,TGFb_like_signal,0.03,0.03,0.0
1,Decision 2,micro_agent_043,lymphoid,TGFb_like_signal,0.01,0.01,0.0
1,Decision 2,micro_agent_044,airway_epithelial,TGFb_like_signal,0.05,0.05,0.0
1,Decision 2,micro_agent_045,airway_epithelial,TGFb_like_signal,0.03,0.03,0.0
1,Decision 2,micro_agent_046,airway_epithelial,TGFb_like_signal,0.06,0.06,0.0
1,Decision 2,micro_agent_048,other,TGFb_like_signal,0.02,0.02,0.0
1,Decision 2,micro_agent_049,other,TGFb_like_signal,0.02,0.02,0.0
0,Decision 1,micro_agent_000,alveolar_epithelial_AT1_AT2,SPP1_like_signal,0.04,0.04,0.0
0,Decision 1,micro_agent_001,alveolar_epithelial_AT1_AT2,SPP1_like_signal,0.03,0.03,0.0
0,Decision 1,micro_agent_002,alveolar_epithelial_AT1_AT2,SPP1_like_signal,0.04,0.04,0.0
0,Decision 1,micro_agent_003,alveolar_epithelial_AT1_AT2,SPP1_like_signal,0.02,0.02,0.0
0,Decision 1,micro_agent_004,alveolar_epithelial_AT1_AT2,SPP1_like_signal,0.04,0.04,0.0
0,Decision 1,micro_agent_005,alveolar_epithelial_AT1_AT2,SPP1_like_signal,0.08,0.08,0.0
0,Decision 1,micro_agent_006,alveolar_epithelial_AT1_AT2,SPP1_like_signal,0.05,0.05,0.0
0,Decision 1,micro_agent_007,alveolar_epithelial_AT1_AT2,SPP1_like_signal,0.02,0.02,0.0
0,Decision 1,micro_agent_008,activated_Krt8_ADI_epithelial,SPP1_like_signal,0.04,0.04,0.0
0,Decision 1,micro_agent_009,activated_Krt8_ADI_epithelial,SPP1_like_signal,0.05,0.05,0.0
0,Decision 1,micro_agent_010,activated_Krt8_ADI_epithelial,SPP1_like_signal,0.04,0.04,0.0
0,Decision 1,micro_agent_011,activated_Krt8_ADI_epithelial,SPP1_like_signal,0.02,0.02,0.0
0,Decision 1,micro_agent_012,activated_Krt8_ADI_epithelial,SPP1_like_signal,0.01,0.01,0.0
0,Decision 1,micro_agent_013,activated_Krt8_ADI_epithelial,SPP1_like_signal,0.05,0.05,0.0
0,Decision 1,micro_agent_014,macrophage,SPP1_like_signal,0.35,0.35,0.0
0,Decision 1,micro_agent_015,macrophage,SPP1_like_signal,0.25,0.25,0.0
0,Decision 1,micro_agent_016,macrophage,SPP1_like_signal,0.25,0.25,0.0
0,Decision 1,micro_agent_017,macrophage,SPP1_like_signal,0.25,0.25,0.0
0,Decision 1,micro_agent_018,macrophage,SPP1_like_signal,0.4,0.4,0.0
0,Decision 1,micro_agent_019,macrophage,SPP1_like_signal,0.38,0.38,0.0
0,Decision 1,micro_agent_020,macrophage,SPP1_like_signal,0.02,0.02,0.0
0,Decision 1,micro_agent_021,macrophage,SPP1_like_signal,0.3,0.3,0.0
0,Decision 1,micro_agent_022,recruited_monocyte_macrophage,SPP1_like_signal,0.28,0.28,0.0
0,Decision 1,micro_agent_023,recruited_monocyte_macrophage,SPP1_like_signal,0.34,0.34,0.0
0,Decision 1,micro_agent_024,recruited_monocyte_macrophage,SPP1_like_signal,0.22,0.22,0.0
0,Decision 1,micro_agent_025,recruited_monocyte_macrophage,SPP1_like_signal,0.25,0.25,0.0
0,Decision 1,micro_agent_026,recruited_monocyte_macrophage,SPP1_like_signal,0.28,0.28,0.0
0,Decision 1,micro_agent_027,recruited_monocyte_macrophage,SPP1_like_signal,0.28,0.28,0.0
0,Decision 1,micro_agent_028,fibroblast_myofibroblast,SPP1_like_signal,0.18,0.18,0.0
0,Decision 1,micro_agent_029,fibroblast_myofibroblast,SPP1_like_signal,0.18,0.18,0.0
0,Decision 1,micro_agent_030,fibroblast_myofibroblast,SPP1_like_signal,0.06,0.06,0.0
0,Decision 1,micro_agent_031,fibroblast_myofibroblast,SPP1_like_signal,0.18,0.18,0.0
0,Decision 1,micro_agent_032,fibroblast_myofibroblast,SPP1_like_signal,0.04,0.04,0.0
0,Decision 1,micro_agent_033,fibroblast_myofibroblast,SPP1_like_signal,0.06,0.06,0.0
0,Decision 1,micro_agent_034,endothelial,SPP1_like_signal,0.01,0.01,0.0
0,Decision 1,micro_agent_035,endothelial,SPP1_like_signal,0.03,0.03,0.0
0,Decision 1,micro_agent_036,endothelial,SPP1_like_signal,0.0,0.0,0.0
0,Decision 1,micro_agent_037,endothelial,SPP1_like_signal,0.04,0.04,0.0
0,Decision 1,micro_agent_038,dendritic,SPP1_like_signal,0.05,0.05,0.0
0,Decision 1,micro_agent_039,dendritic,SPP1_like_signal,0.05,0.05,0.0
0,Decision 1,micro_agent_040,dendritic,SPP1_like_signal,0.06,0.06,0.0
0,Decision 1,micro_agent_041,lymphoid,SPP1_like_signal,0.02,0.02,0.0
0,Decision 1,micro_agent_042,lymphoid,SPP1_like_signal,0.0,0.0,0.0
0,Decision 1,micro_agent_043,lymphoid,SPP1_like_signal,0.0,0.0,0.0
0,Decision 1,micro_agent_044,airway_epithelial,SPP1_like_signal,0.03,0.03,0.0
0,Decision 1,micro_agent_045,airway_epithelial,SPP1_like_signal,0.01,0.01,0.0
0,Decision 1,micro_agent_046,airway_epithelial,SPP1_like_signal,0.03,0.03,0.0
0,Decision 1,micro_agent_047,airway_epithelial,SPP1_like_signal,0.05,0.05,0.0
0,Decision 1,micro_agent_048,other,SPP1_like_signal,0.05,0.05,0.0
0,Decision 1,micro_agent_049,other,SPP1_like_signal,0.05,0.05,0.0
1,Decision 2,micro_agent_000,alveolar_epithelial_AT1_AT2,SPP1_like_signal,0.04,0.04,0.0
1,Decision 2,micro_agent_001,alveolar_epithelial_AT1_AT2,SPP1_like_signal,0.03,0.03,0.0
1,Decision 2,micro_agent_002,alveolar_epithelial_AT1_AT2,SPP1_like_signal,0.03,0.03,0.0
1,Decision 2,micro_agent_003,alveolar_epithelial_AT1_AT2,SPP1_like_signal,0.03,0.03,0.0
1,Decision 2,micro_agent_004,alveolar_epithelial_AT1_AT2,SPP1_like_signal,0.04,0.04,0.0
1,Decision 2,micro_agent_005,alveolar_epithelial_AT1_AT2,SPP1_like_signal,0.04,0.04,0.0
1,Decision 2,micro_agent_007,alveolar_epithelial_AT1_AT2,SPP1_like_signal,0.04,0.04,0.0
1,Decision 2,micro_agent_010,activated_Krt8_ADI_epithelial,SPP1_like_signal,0.03,0.03,0.0
1,Decision 2,micro_agent_011,activated_Krt8_ADI_epithelial,SPP1_like_signal,0.02,0.02,0.0
1,Decision 2,micro_agent_012,activated_Krt8_ADI_epithelial,SPP1_like_signal,0.04,0.04,0.0
1,Decision 2,micro_agent_014,macrophage,SPP1_like_signal,0.08,0.08,0.0
1,Decision 2,micro_agent_015,macrophage,SPP1_like_signal,0.08,0.08,0.0
1,Decision 2,micro_agent_016,macrophage,SPP1_like_signal,0.06,0.06,0.0
1,Decision 2,micro_agent_017,macrophage,SPP1_like_signal,0.18,0.18,0.0
1,Decision 2,micro_agent_018,macrophage,SPP1_like_signal,0.08,0.08,0.0
1,Decision 2,micro_agent_019,macrophage,SPP1_like_signal,0.1,0.1,0.0
1,Decision 2,micro_agent_020,macrophage,SPP1_like_signal,0.04,0.04,0.0
1,Decision 2,micro_agent_021,macrophage,SPP1_like_signal,0.08,0.08,0.0
1,Decision 2,micro_agent_022,recruited_monocyte_macrophage,SPP1_like_signal,0.34,0.34,0.0
1,Decision 2,micro_agent_023,recruited_monocyte_macrophage,SPP1_like_signal,0.28,0.28,0.0
1,Decision 2,micro_agent_024,recruited_monocyte_macrophage,SPP1_like_signal,0.18,0.18,0.0
1,Decision 2,micro_agent_025,recruited_monocyte_macrophage,SPP1_like_signal,0.28,0.28,0.0
1,Decision 2,micro_agent_026,recruited_monocyte_macrophage,SPP1_like_signal,0.28,0.28,0.0
1,Decision 2,micro_agent_027,recruited_monocyte_macrophage,SPP1_like_signal,0.22,0.22,0.0
1,Decision 2,micro_agent_028,fibroblast_myofibroblast,SPP1_like_signal,0.06,0.06,0.0
1,Decision 2,micro_agent_029,fibroblast_myofibroblast,SPP1_like_signal,0.1,0.1,0.0
1,Decision 2,micro_agent_030,fibroblast_myofibroblast,SPP1_like_signal,0.06,0.06,0.0
1,Decision 2,micro_agent_031,fibroblast_myofibroblast,SPP1_like_signal,0.1,0.1,0.0
1,Decision 2,micro_agent_032,fibroblast_myofibroblast,SPP1_like_signal,0.06,0.06,0.0
1,Decision 2,micro_agent_033,fibroblast_myofibroblast,SPP1_like_signal,0.06,0.06,0.0
1,Decision 2,micro_agent_034,endothelial,SPP1_like_signal,0.03,0.03,0.0
1,Decision 2,micro_agent_035,endothelial,SPP1_like_signal,0.04,0.04,0.0
1,Decision 2,micro_agent_036,endothelial,SPP1_like_signal,0.03,0.03,0.0
1,Decision 2,micro_agent_037,endothelial,SPP1_like_signal,0.06,0.06,0.0
1,Decision 2,micro_agent_038,dendritic,SPP1_like_signal,0.06,0.06,0.0
1,Decision 2,micro_agent_039,dendritic,SPP1_like_signal,0.06,0.06,0.0
1,Decision 2,micro_agent_040,dendritic,SPP1_like_signal,0.03,0.03,0.0
1,Decision 2,micro_agent_041,lymphoid,SPP1_like_signal,0.02,0.02,0.0
1,Decision 2,micro_agent_042,lymphoid,SPP1_like_signal,0.02,0.02,0.0
1,Decision 2,micro_agent_043,lymphoid,SPP1_like_signal,0.01,0.01,0.0
1,Decision 2,micro_agent_044,airway_epithelial,SPP1_like_signal,0.03,0.03,0.0
1,Decision 2,micro_agent_045,airway_epithelial,SPP1_like_signal,0.02,0.02,0.0
1,Decision 2,micro_agent_046,airway_epithelial,SPP1_like_signal,0.04,0.04,0.0
1,Decision 2,micro_agent_048,other,SPP1_like_signal,0.02,0.02,0.0
1,Decision 2,micro_agent_049,other,SPP1_like_signal,0.02,0.02,0.0
0,Decision 1,micro_agent_000,alveolar_epithelial_AT1_AT2,chemokine_signal,0.1,0.1,0.0
0,Decision 1,micro_agent_001,alveolar_epithelial_AT1_AT2,chemokine_signal,0.06,0.06,0.0
0,Decision 1,micro_agent_002,alveolar_epithelial_AT1_AT2,chemokine_signal,0.1,0.1,0.0
0,Decision 1,micro_agent_003,alveolar_epithelial_AT1_AT2,chemokine_signal,0.04,0.04,0.0
0,Decision 1,micro_agent_004,alveolar_epithelial_AT1_AT2,chemokine_signal,0.1,0.1,0.0
0,Decision 1,micro_agent_005,alveolar_epithelial_AT1_AT2,chemokine_signal,0.34,0.34,0.0
0,Decision 1,micro_agent_006,alveolar_epithelial_AT1_AT2,chemokine_signal,0.35,0.35,0.0
0,Decision 1,micro_agent_007,alveolar_epithelial_AT1_AT2,chemokine_signal,0.04,0.04,0.0
0,Decision 1,micro_agent_008,activated_Krt8_ADI_epithelial,chemokine_signal,0.34,0.34,0.0
0,Decision 1,micro_agent_009,activated_Krt8_ADI_epithelial,chemokine_signal,0.3,0.3,0.0
0,Decision 1,micro_agent_010,activated_Krt8_ADI_epithelial,chemokine_signal,0.16,0.16,0.0
0,Decision 1,micro_agent_011,activated_Krt8_ADI_epithelial,chemokine_signal,0.15,0.15,0.0
0,Decision 1,micro_agent_012,activated_Krt8_ADI_epithelial,chemokine_signal,0.06,0.06,0.0
0,Decision 1,micro_agent_013,activated_Krt8_ADI_epithelial,chemokine_signal,0.3,0.3,0.0
0,Decision 1,micro_agent_014,macrophage,chemokine_signal,0.45,0.45,0.0
0,Decision 1,micro_agent_015,macrophage,chemokine_signal,0.4,0.4,0.0
0,Decision 1,micro_agent_016,macrophage,chemokine_signal,0.3,0.3,0.0
0,Decision 1,micro_agent_017,macrophage,chemokine_signal,0.4,0.4,0.0
0,Decision 1,micro_agent_018,macrophage,chemokine_signal,0.45,0.45,0.0
0,Decision 1,micro_agent_019,macrophage,chemokine_signal,0.45,0.45,0.0
0,Decision 1,micro_agent_020,macrophage,chemokine_signal,0.04,0.04,0.0
0,Decision 1,micro_agent_021,macrophage,chemokine_signal,0.45,0.45,0.0
0,Decision 1,micro_agent_022,recruited_monocyte_macrophage,chemokine_signal,0.38,0.38,0.0
0,Decision 1,micro_agent_023,recruited_monocyte_macrophage,chemokine_signal,0.45,0.45,0.0
0,Decision 1,micro_agent_024,recruited_monocyte_macrophage,chemokine_signal,0.4,0.4,0.0
0,Decision 1,micro_agent_025,recruited_monocyte_macrophage,chemokine_signal,0.4,0.4,0.0
0,Decision 1,micro_agent_026,recruited_monocyte_macrophage,chemokine_signal,0.38,0.38,0.0
0,Decision 1,micro_agent_027,recruited_monocyte_macrophage,chemokine_signal,0.38,0.38,0.0
0,Decision 1,micro_agent_028,fibroblast_myofibroblast,chemokine_signal,0.1,0.1,0.0
0,Decision 1,micro_agent_029,fibroblast_myofibroblast,chemokine_signal,0.1,0.1,0.0
0,Decision 1,micro_agent_030,fibroblast_myofibroblast,chemokine_signal,0.07,0.07,0.0
0,Decision 1,micro_agent_031,fibroblast_myofibroblast,chemokine_signal,0.1,0.1,0.0
0,Decision 1,micro_agent_032,fibroblast_myofibroblast,chemokine_signal,0.03,0.03,0.0
0,Decision 1,micro_agent_033,fibroblast_myofibroblast,chemokine_signal,0.1,0.1,0.0
0,Decision 1,micro_agent_034,endothelial,chemokine_signal,0.03,0.03,0.0
0,Decision 1,micro_agent_035,endothelial,chemokine_signal,0.06,0.06,0.0
0,Decision 1,micro_agent_036,endothelial,chemokine_signal,0.0,0.0,0.0
0,Decision 1,micro_agent_037,endothelial,chemokine_signal,0.32,0.32,0.0
0,Decision 1,micro_agent_038,dendritic,chemokine_signal,0.22,0.22,0.0
0,Decision 1,micro_agent_039,dendritic,chemokine_signal,0.22,0.22,0.0
0,Decision 1,micro_agent_040,dendritic,chemokine_signal,0.22,0.22,0.0
0,Decision 1,micro_agent_041,lymphoid,chemokine_signal,0.42,0.42,0.0
0,Decision 1,micro_agent_042,lymphoid,chemokine_signal,0.45,0.45,0.0
0,Decision 1,micro_agent_043,lymphoid,chemokine_signal,0.08,0.08,0.0
0,Decision 1,micro_agent_044,airway_epithelial,chemokine_signal,0.1,0.1,0.0
0,Decision 1,micro_agent_045,airway_epithelial,chemokine_signal,0.04,0.04,0.0
0,Decision 1,micro_agent_046,airway_epithelial,chemokine_signal,0.14,0.14,0.0
0,Decision 1,micro_agent_047,airway_epithelial,chemokine_signal,0.3,0.3,0.0
0,Decision 1,micro_agent_048,other,chemokine_signal,0.08,0.08,0.0
0,Decision 1,micro_agent_049,other,chemokine_signal,0.05,0.05,0.0
1,Decision 2,micro_agent_000,alveolar_epithelial_AT1_AT2,chemokine_signal,0.1,0.1,0.0
1,Decision 2,micro_agent_001,alveolar_epithelial_AT1_AT2,chemokine_signal,0.06,0.06,0.0
1,Decision 2,micro_agent_002,alveolar_epithelial_AT1_AT2,chemokine_signal,0.1,0.1,0.0
1,Decision 2,micro_agent_003,alveolar_epithelial_AT1_AT2,chemokine_signal,0.07,0.07,0.0
1,Decision 2,micro_agent_004,alveolar_epithelial_AT1_AT2,chemokine_signal,0.1,0.1,0.0
1,Decision 2,micro_agent_005,alveolar_epithelial_AT1_AT2,chemokine_signal,0.14,0.14,0.0
1,Decision 2,micro_agent_007,alveolar_epithelial_AT1_AT2,chemokine_signal,0.15,0.15,0.0
1,Decision 2,micro_agent_010,activated_Krt8_ADI_epithelial,chemokine_signal,0.22,0.22,0.0
1,Decision 2,micro_agent_011,activated_Krt8_ADI_epithelial,chemokine_signal,0.18,0.18,0.0
1,Decision 2,micro_agent_012,activated_Krt8_ADI_epithelial,chemokine_signal,0.16,0.16,0.0
1,Decision 2,micro_agent_014,macrophage,chemokine_signal,0.1,0.1,0.0
1,Decision 2,micro_agent_015,macrophage,chemokine_signal,0.1,0.1,0.0
1,Decision 2,micro_agent_016,macrophage,chemokine_signal,0.12,0.12,0.0
1,Decision 2,micro_agent_017,macrophage,chemokine_signal,0.45,0.45,0.0
1,Decision 2,micro_agent_018,macrophage,chemokine_signal,0.1,0.1,0.0
1,Decision 2,micro_agent_019,macrophage,chemokine_signal,0.14,0.14,0.0
1,Decision 2,micro_agent_020,macrophage,chemokine_signal,0.1,0.1,0.0
1,Decision 2,micro_agent_021,macrophage,chemokine_signal,0.1,0.1,0.0
1,Decision 2,micro_agent_022,recruited_monocyte_macrophage,chemokine_signal,0.45,0.45,0.0
1,Decision 2,micro_agent_023,recruited_monocyte_macrophage,chemokine_signal,0.42,0.42,0.0
1,Decision 2,micro_agent_024,recruited_monocyte_macrophage,chemokine_signal,0.34,0.34,0.0
1,Decision 2,micro_agent_025,recruited_monocyte_macrophage,chemokine_signal,0.45,0.45,0.0
1,Decision 2,micro_agent_026,recruited_monocyte_macrophage,chemokine_signal,0.45,0.45,0.0
1,Decision 2,micro_agent_027,recruited_monocyte_macrophage,chemokine_signal,0.4,0.4,0.0
1,Decision 2,micro_agent_028,fibroblast_myofibroblast,chemokine_signal,0.1,0.1,0.0
1,Decision 2,micro_agent_029,fibroblast_myofibroblast,chemokine_signal,0.07,0.07,0.0
1,Decision 2,micro_agent_030,fibroblast_myofibroblast,chemokine_signal,0.05,0.05,0.0
1,Decision 2,micro_agent_031,fibroblast_myofibroblast,chemokine_signal,0.06,0.06,0.0
1,Decision 2,micro_agent_032,fibroblast_myofibroblast,chemokine_signal,0.1,0.1,0.0
1,Decision 2,micro_agent_033,fibroblast_myofibroblast,chemokine_signal,0.07,0.07,0.0
1,Decision 2,micro_agent_034,endothelial,chemokine_signal,0.06,0.06,0.0
1,Decision 2,micro_agent_035,endothelial,chemokine_signal,0.1,0.1,0.0
1,Decision 2,micro_agent_036,endothelial,chemokine_signal,0.1,0.1,0.0
1,Decision 2,micro_agent_037,endothelial,chemokine_signal,0.34,0.34,0.0
1,Decision 2,micro_agent_038,dendritic,chemokine_signal,0.22,0.22,0.0
1,Decision 2,micro_agent_039,dendritic,chemokine_signal,0.28,0.28,0.0
1,Decision 2,micro_agent_040,dendritic,chemokine_signal,0.18,0.18,0.0
1,Decision 2,micro_agent_041,lymphoid,chemokine_signal,0.42,0.42,0.0
1,Decision 2,micro_agent_042,lymphoid,chemokine_signal,0.42,0.42,0.0
1,Decision 2,micro_agent_043,lymphoid,chemokine_signal,0.12,0.12,0.0
1,Decision 2,micro_agent_044,airway_epithelial,chemokine_signal,0.1,0.1,0.0
1,Decision 2,micro_agent_045,airway_epithelial,chemokine_signal,0.06,0.06,0.0
1,Decision 2,micro_agent_046,airway_epithelial,chemokine_signal,0.16,0.16,0.0
1,Decision 2,micro_agent_048,other,chemokine_signal,0.02,0.02,0.0
1,Decision 2,micro_agent_049,other,chemokine_signal,0.03,0.03,0.0
