dataset,context_index,condition,source_message_path,source_message_sha256,heldout_truth,heldout_truth_sent_to_model,dataset_guess,dataset_identified_correctly,benchmark_answer,heldout_answer_correct,abstained_unknown,confidence,evidence_source,brief_explanation,response_class
GSE2565,1,deidentified_exact_runtime,outputs/GSE2565_deidentified_rerun_v1/simulation/runs/agent_physicell_v4_online__virtual_phosgene_injury__seed_256501__to_72h/agent_decisions/0/AT1/model_messages.json,30a445f3ed021a2b2a3e9aa62b444c9c4978a478438e20d9a0c1d2d261035fed,8-12 h,False,unknown,False,unknown,False,True,0.95,insufficient,"The archived context is a generic de-identified cell-agent simulation with all-zero state and no study identifiers, so it cannot be mapped to a known study or support a DNB peak window prediction.",Unknown
GSE2565,2,deidentified_exact_runtime,outputs/GSE2565_deidentified_rerun_v1/simulation/runs/agent_physicell_v4_online__virtual_phosgene_injury__seed_256501__to_72h/agent_decisions/0/AT2/model_messages.json,b09fd86d68bc4f3a44d6cf50167ad795eb8dde2132deacb7c609527175ef5fbd,8-12 h,False,unknown,False,unknown,False,True,0.95,insufficient,"The archived context is a generic de-identified AT2 perturbation simulation with all-zero state and no study identifiers, so it cannot be mapped to a known study or support a DNB peak window prediction.",Unknown
GSE2565,3,deidentified_exact_runtime,outputs/GSE2565_deidentified_rerun_v1/simulation/runs/agent_physicell_v4_online__virtual_phosgene_injury__seed_256501__to_72h/agent_decisions/0/airway_epithelial/model_messages.json,d948d9a253320824dfda534aa42649bd5b78660861fe5c07c46dcadba323440c,8-12 h,False,unknown,False,unknown,False,True,0.95,insufficient,"The archived context is a generic de-identified cell-agent simulation state with no identifiable study, dataset, or DNB timing information.",Unknown
GSE2565,4,deidentified_exact_runtime,outputs/GSE2565_deidentified_rerun_v1/simulation/runs/agent_physicell_v4_online__virtual_phosgene_injury__seed_256501__to_72h/agent_decisions/0/endothelial/model_messages.json,22bd9f04c19a8df5328b78e26d6bb12321f570e3a728dec8c269b300ee3da566,8-12 h,False,unknown,False,unknown,False,True,0.95,insufficient,"The archived context is a generic de-identified endothelial simulation state with all-zero evidence and no study identifiers, so it cannot be mapped to a known study or support a DNB peak window prediction.",Unknown
GSE2565,5,deidentified_exact_runtime,outputs/GSE2565_deidentified_rerun_v1/simulation/runs/agent_physicell_v4_online__virtual_phosgene_injury__seed_256501__to_72h/agent_decisions/0/fibroblast_stromal/model_messages.json,e66d81b0afa0f7a5903c9c7564bc0453362ba7a21e1a38bd7ad11f74ed23be72,8-12 h,False,unknown,False,unknown,False,True,0.95,insufficient,"The archived context is a generic de-identified fibroblast simulation state with all-zero evidence and no study identifiers, so it cannot be mapped to a known study or support a DNB peak window prediction.",Unknown
GSE2565,6,deidentified_exact_runtime,outputs/GSE2565_deidentified_rerun_v1/simulation/runs/agent_physicell_v4_online__virtual_phosgene_injury__seed_256501__to_72h/agent_decisions/0/injured_Krt8_epithelial/model_messages.json,003fe7a8a74486db01010672f157f1c125a06159742a26306db3ece2454c8a60,8-12 h,False,unknown,False,unknown,False,True,0.95,insufficient,The archived context is a generic de-identified multicellular simulation state with all-zero evidence and no identifiable study or DNB timing data.,Unknown
GSE2565,7,deidentified_exact_runtime,outputs/GSE2565_deidentified_rerun_v1/simulation/runs/agent_physicell_v4_online__virtual_phosgene_injury__seed_256501__to_72h/agent_decisions/0/lymphoid_immune/model_messages.json,dad32116656212fddef3946551335c3b72158de85e647804940b8b15804fd4b6,8-12 h,False,unknown,False,unknown,False,True,0.95,insufficient,"The archived context is a generic de-identified multicellular perturbation simulation with all-zero state statistics and no identifiable study, dataset, or DNB timing information.",Unknown
GSE2565,8,deidentified_exact_runtime,outputs/GSE2565_deidentified_rerun_v1/simulation/runs/agent_physicell_v4_online__virtual_phosgene_injury__seed_256501__to_72h/agent_decisions/0/neutrophil/model_messages.json,5f4e24c72ca49c616d13b683a01bd22449dce11c9b99ae475bf4c1770cea7e44,8-12 h,False,unknown,False,unknown,False,True,0.95,insufficient,"The archived context is a generic de-identified neutrophil simulation state with all-zero evidence and no identifiable study, dataset, or DNB timing information.",Unknown
GSE2565,9,deidentified_exact_runtime,outputs/GSE2565_deidentified_rerun_v1/simulation/runs/agent_physicell_v4_online__virtual_phosgene_injury__seed_256501__to_72h/agent_decisions/0/recruited_monocyte_macrophage/model_messages.json,e6706de7e4d3a8171d270beed089688d093f8586f0b1d2f05bfbcd975c67dda3,8-12 h,False,unknown,False,unknown,False,True,0.95,insufficient,"The archived context is a generic de-identified multicellular simulation state with no identifiable study, GEO accession, or DNB timing information.",Unknown
GSE2565,10,deidentified_exact_runtime,outputs/GSE2565_deidentified_rerun_v1/simulation/runs/agent_physicell_v4_online__virtual_phosgene_injury__seed_256501__to_72h/agent_decisions/0/resident_macrophage/model_messages.json,46f10d2bb76611ac75a053c8ab030d63d913edb5027b58887ce9e25e772873e3,8-12 h,False,unknown,False,unknown,False,True,0.95,insufficient,"The archived context is a de-identified simulation state with all-zero evidence and no study identifiers, so it cannot be mapped to a known study or support a DNB peak-window prediction.",Unknown
GSE120575,1,deidentified_exact_runtime,outputs/GSE120575_deidentified_rerun_v1/simulation/runs/agent_v21_unified__Pre_P24__seed_12057501/raw_agent_responses/checkpoint_0/b_cell/model_messages.json,c09be503d3849a63c03bbd8170a2cd910086a6598f88be293a4faaaf6ded358b,T cell,False,unknown,False,unknown,False,True,0.95,insufficient,The archived context is a generic de-identified simulation prompt for a B cell agent and does not identify a known study or support a later-course benchmark outcome.,Unknown
GSE120575,2,deidentified_exact_runtime,outputs/GSE120575_deidentified_rerun_v1/simulation/runs/agent_v21_unified__Pre_P24__seed_12057501/raw_agent_responses/checkpoint_0/nk_cell/model_messages.json,8775f262a2736d873eb1055e21973ed7a66a75a2a0a9b30f3dbbef354228e735,T cell,False,unknown,False,NK cell,False,False,0.95,provided_state,"The archived state explicitly identifies the agent as an NK cell, so the dominant broad cell population in the later observed state is NK cell.",Incorrect
GSE120575,3,deidentified_exact_runtime,outputs/GSE120575_deidentified_rerun_v1/simulation/runs/agent_v21_unified__Pre_P27__seed_12057501/raw_agent_responses/checkpoint_0/dendritic_cell/model_messages.json,d03fd09489eb3a9a3821a374bf534a8a7b2a5037c950fd6a24a1ae393b9375f2,T cell,False,unknown,False,Dendritic cell,False,False,0.55,provided_state,"The archived production context explicitly identifies the cell type as Dendritic cell and provides only that cell's state, so the dominant broad population in the later observed state is Dendritic cell.",Incorrect
GSE120575,4,deidentified_exact_runtime,outputs/GSE120575_deidentified_rerun_v1/simulation/runs/agent_v21_unified__Pre_P27__seed_12057501/raw_agent_responses/checkpoint_0/t_cell/model_messages.json,18277362f425e5722c57e9e3325543cbdb1297aee10ef0817cb1bb0233b2b67f,T cell,False,unknown,False,unknown,False,True,0.95,insufficient,The archived context only describes a generic T cell simulation state and does not identify a study or support predicting a later observed dominant broad cell population.,Unknown
GSE120575,5,deidentified_exact_runtime,outputs/GSE120575_deidentified_rerun_v1/simulation/runs/agent_v21_unified__Pre_P29__seed_12057501/raw_agent_responses/checkpoint_0/nk_cell/model_messages.json,ed63377b30cdf5f5f62ef499e8b106e4752d1b26734883eafcf4d3fff8868f47,T cell,False,unknown,False,NK cell,False,False,0.55,provided_state,"The archived context explicitly identifies the agent as an NK cell and provides only NK-cell state, so the later dominant broad population is predicted to remain NK cell.",Incorrect
GSE120575,6,deidentified_exact_runtime,outputs/GSE120575_deidentified_rerun_v1/simulation/runs/agent_v21_unified__Pre_P2__seed_12057501/raw_agent_responses/checkpoint_0/dendritic_cell/model_messages.json,1402e3da250944f150ba79d31ae56d3c65061ceaa583b6965493cd4bd395529e,T cell,False,unknown,False,Dendritic cell,False,False,0.55,provided_state,"The archived context explicitly identifies the cell type as a Dendritic cell and provides no evidence of a cross-lineage transition, so the later dominant population is inferred to remain Dendritic cell.",Incorrect
GSE120575,7,deidentified_exact_runtime,outputs/GSE120575_deidentified_rerun_v1/simulation/runs/agent_v21_unified__Pre_P2__seed_12057501/raw_agent_responses/checkpoint_0/t_cell/model_messages.json,5d590914a1e3d851739d18859f4ad7516de4b6465a36ce5b6436d9d7764eb745,T cell,False,unknown,False,T cell,True,False,0.55,provided_state,"The archived context explicitly identifies the agent as a T cell and provides only T-cell state, so the dominant broad population is T cell.",Correct
GSE120575,8,deidentified_exact_runtime,outputs/GSE120575_deidentified_rerun_v1/simulation/runs/agent_v21_unified__Pre_P35__seed_12057501/raw_agent_responses/checkpoint_0/nk_cell/model_messages.json,6a798cd23f1b0a13e67f61b5f9a4ca7e0db9a9a4afcc10b1878b70ea97a1138b,T cell,False,unknown,False,NK cell,False,False,0.55,provided_state,The archived context explicitly identifies the agent as an NK cell and provides no later-state evidence that would change the broad population label.,Incorrect
GSE120575,9,deidentified_exact_runtime,outputs/GSE120575_deidentified_rerun_v1/simulation/runs/agent_v21_unified__Pre_P3__seed_12057501/raw_agent_responses/checkpoint_0/dendritic_cell/model_messages.json,440f9dd91ecc2f37eb93c04f41158315e708dba3e5ee13ef7d8cb19d5ada22cc,T cell,False,unknown,False,Dendritic cell,False,False,0.55,provided_state,"The archived production context explicitly identifies the agent as a Dendritic cell and provides no evidence of a later cross-lineage transition, so the dominant broad population remains Dendritic cell.",Incorrect
GSE120575,10,deidentified_exact_runtime,outputs/GSE120575_deidentified_rerun_v1/simulation/runs/agent_v21_unified__Pre_P3__seed_12057501/raw_agent_responses/checkpoint_0/t_cell/model_messages.json,cfc62e6bfcf8694176fccf85497b64a0fac55b9dce3649091616f08b729b9f7e,T cell,False,unknown,False,unknown,False,True,0.95,insufficient,"The archived context is a generic de-identified T cell simulation prompt with no identifiable study, dataset, or later observed state to map to a benchmark outcome.",Unknown
GSE267904,1,deidentified_exact_runtime,outputs/GSE267904_deidentified_rerun_v1/K_100/micro_agents/llm_calls/interval_0_micro_agent_000_response_audit/model_messages.json,72f482693f298cd52683d23595fc8362df2e210f8574f96bff1f1264cce4619c,VEGF,False,unknown,False,unknown,False,True,0.95,insufficient,"The archived context is a de-identified generic simulation prompt with no identifiable study, dataset, or late-course communication-pathway data.",Unknown
GSE267904,2,deidentified_exact_runtime,outputs/GSE267904_deidentified_rerun_v1/K_100/micro_agents/llm_calls/interval_0_micro_agent_005_response_audit/model_messages.json,7ec2700b04018c10cd8989be453dab5d335a65fd9d542e82d04b669c24e83d20,VEGF,False,unknown,False,unknown,False,True,0.95,insufficient,"The archived context is a de-identified generic simulation prompt with no identifiable study, dataset, or late-course pathway data to map to a benchmark outcome.",Unknown
GSE267904,3,deidentified_exact_runtime,outputs/GSE267904_deidentified_rerun_v1/K_100/micro_agents/llm_calls/interval_0_micro_agent_010_response_audit/model_messages.json,6d3338ae4b2bea6033320a2c6bfed10b67fff5c69b5d8ff1d4221027af3f2016,VEGF,False,unknown,False,unknown,False,True,0.95,insufficient,"The archived context is a de-identified generic simulation prompt with no identifiable study, dataset, or late-course outcome data.",Unknown
GSE267904,4,deidentified_exact_runtime,outputs/GSE267904_deidentified_rerun_v1/K_100/micro_agents/llm_calls/interval_0_micro_agent_016_response_audit/model_messages.json,4b2dafa9e69368689e3bf357d761e83f6d12fa31ac017643fcc1aa68d1ee5d6b,VEGF,False,unknown,False,unknown,False,True,0.95,insufficient,"The archived context is a de-identified generic simulation prompt with no study identifiers, GEO accession, or late-course pathway data, so the requested benchmark outcome cannot be determined.",Unknown
GSE267904,5,deidentified_exact_runtime,outputs/GSE267904_deidentified_rerun_v1/K_100/micro_agents/llm_calls/interval_0_micro_agent_021_response_audit/model_messages.json,5100459fd2beccb3ec376ca5cb32634f2dadacf39e578c5106f1bbffc470f5e6,VEGF,False,unknown,False,unknown,False,True,0.95,insufficient,"The archived context is a de-identified generic simulation prompt with no identifiable study, dataset, or late-course pathway data.",Unknown
GSE267904,6,deidentified_exact_runtime,outputs/GSE267904_deidentified_rerun_v1/K_100/micro_agents/llm_calls/interval_0_micro_agent_027_response_audit/model_messages.json,32632cc6e78b36d5939729539ea985ace8391309ccba86126a7a6221f0bbbf48,VEGF,False,unknown,False,unknown,False,True,0.95,insufficient,"The archived context is a de-identified generic simulation prompt with no identifiable study, dataset, or late-course outcome data.",Unknown
GSE267904,7,deidentified_exact_runtime,outputs/GSE267904_deidentified_rerun_v1/K_100/micro_agents/llm_calls/interval_0_micro_agent_032_response_audit/model_messages.json,b1650dded222a73b847b60b7a9ea21fb6f03f0874e07a74b6de09b9db8865061,VEGF,False,unknown,False,unknown,False,True,0.95,insufficient,"The archived context is a de-identified generic simulation prompt with no identifiable study, dataset, or late-course pathway mass data.",Unknown
GSE267904,8,deidentified_exact_runtime,outputs/GSE267904_deidentified_rerun_v1/K_100/micro_agents/llm_calls/interval_0_micro_agent_038_response_audit/model_messages.json,3f9a2b40f2dd2588a3ea586024bc2e0dd559807aeca67a2dc0ea90675a1290b2,VEGF,False,unknown,False,unknown,False,True,0.95,insufficient,"The archived context is a de-identified generic simulation prompt with no identifiable study, dataset, or late-course communication-pathway data.",Unknown
GSE267904,9,deidentified_exact_runtime,outputs/GSE267904_deidentified_rerun_v1/K_100/micro_agents/llm_calls/interval_0_micro_agent_043_response_audit/model_messages.json,50ee82b5023728d928623353e3e6d5bf47093da459c6e970b838dc220f7bca1f,VEGF,False,unknown,False,unknown,False,True,0.95,insufficient,"The archived context is a de-identified generic simulation prompt with no identifiable study, dataset, or late-course pathway data.",Unknown
GSE267904,10,deidentified_exact_runtime,outputs/GSE267904_deidentified_rerun_v1/K_100/micro_agents/llm_calls/interval_0_micro_agent_049_response_audit/model_messages.json,818ed330ab7417577dc7436b8302bb7cacdf3e201973448d8cbd1c3b68f181db,VEGF,False,unknown,False,unknown,False,True,0.95,insufficient,"The archived context is a de-identified generic simulation prompt with no identifiable study, dataset, or late-course pathway data.",Unknown
