source,stage,family,mode,n_observations,n_types_with_strength,n_nonzero_projected_points_or_grid_cells,max_projected_or_smoothed_score,virtual_grid_n,virtual_gaussian_sigma
real,d7_bleo,TGFB,sender,4992,10,4992,397.09738822928074,,
real,d7_bleo,TGFB,receiver,4992,10,4992,399.0343351552845,,
real,d7_bleo,CCL,sender,4992,10,4992,1122.2155149340822,,
real,d7_bleo,CCL,receiver,4992,10,4992,1219.052290584403,,
real,d7_bleo,CXCL,sender,4992,10,4992,458.82925444626676,,
real,d7_bleo,CXCL,receiver,4992,10,4992,442.78247437508134,,
virtual,virtual_early_bleo,TGFB,sender,93,10,7955,25.1512712640521,170.0,7.0
virtual,virtual_early_bleo,TGFB,receiver,93,10,7955,25.749924019476627,170.0,7.0
virtual,virtual_early_bleo,CCL,sender,93,10,7955,100.76074483267796,170.0,7.0
virtual,virtual_early_bleo,CCL,receiver,93,10,7955,105.87828679293469,170.0,7.0
virtual,virtual_early_bleo,CXCL,sender,93,10,7955,34.81189386411716,170.0,7.0
virtual,virtual_early_bleo,CXCL,receiver,93,10,7955,45.71409500040098,170.0,7.0
real,d21_bleo,TGFB,sender,4992,10,4992,156.97898925762522,,
real,d21_bleo,TGFB,receiver,4992,10,4992,180.5714556926805,,
real,d21_bleo,CCL,sender,4992,10,4992,292.92251290462644,,
real,d21_bleo,CCL,receiver,4992,10,4992,286.1616475606497,,
real,d21_bleo,CXCL,sender,4992,10,4992,185.5643457398166,,
real,d21_bleo,CXCL,receiver,4992,10,4992,175.55517728178884,,
virtual,virtual_late_bleo,TGFB,sender,83,10,6247,29.541812063745272,170.0,7.0
virtual,virtual_late_bleo,TGFB,receiver,83,10,6247,31.798759125483116,170.0,7.0
virtual,virtual_late_bleo,CCL,sender,83,10,6247,95.95647412096612,170.0,7.0
virtual,virtual_late_bleo,CCL,receiver,83,10,6247,96.86773919657904,170.0,7.0
virtual,virtual_late_bleo,CXCL,sender,83,10,6247,31.190315915576758,170.0,7.0
virtual,virtual_late_bleo,CXCL,receiver,83,10,6247,36.940371795523035,170.0,7.0
