source,sender,receiver,n,median,minimum,maximum,display_method
cellrank_proxy,activated_Krt8_ADI_epithelial,activated_Krt8_ADI_epithelial,10,0.0243872314437015,0.0195559910517289,0.0339211386068501,CellRank
cellrank_proxy,activated_Krt8_ADI_epithelial,airway_epithelial,10,0.0142436884460207,0.0100329271123961,0.0174174214846069,CellRank
cellrank_proxy,activated_Krt8_ADI_epithelial,alveolar_epithelial_AT1_AT2,10,0.0085101410972402,0.0057224340702462,0.0114014360273182,CellRank
cellrank_proxy,activated_Krt8_ADI_epithelial,dendritic,10,0.0107350593048928,0.0082527433265069,0.0147970136420265,CellRank
cellrank_proxy,activated_Krt8_ADI_epithelial,endothelial,10,0.0126893296588174,0.0107257112671983,0.0160745180416895,CellRank
cellrank_proxy,activated_Krt8_ADI_epithelial,fibroblast_myofibroblast,10,0.0097998523045928,0.0072704050345608,0.0134594848867128,CellRank
cellrank_proxy,activated_Krt8_ADI_epithelial,lymphoid,10,0.0109352169367101,0.0081656641210897,0.0143852116163348,CellRank
cellrank_proxy,activated_Krt8_ADI_epithelial,macrophage,10,0.0117423491327251,0.0071317011171273,0.0158473590879498,CellRank
cellrank_proxy,activated_Krt8_ADI_epithelial,recruited_monocyte_macrophage,10,0.0103735517598683,0.0068542973876219,0.0124847029482788,CellRank
cellrank_proxy,airway_epithelial,activated_Krt8_ADI_epithelial,10,0.0144154134526798,0.0104844077601958,0.0180374079741668,CellRank
cellrank_proxy,airway_epithelial,airway_epithelial,10,0.0415464524311654,0.0366817579170439,0.0475250410002578,CellRank
cellrank_proxy,airway_epithelial,alveolar_epithelial_AT1_AT2,10,0.0052715518266933,0.0035991200149625,0.0076849516542749,CellRank
cellrank_proxy,airway_epithelial,dendritic,10,0.0054580889029745,0.0037491778191133,0.0086761547649321,CellRank
cellrank_proxy,airway_epithelial,endothelial,10,0.0063751945587569,0.0038679695973411,0.0087000202907902,CellRank
cellrank_proxy,airway_epithelial,fibroblast_myofibroblast,10,0.0155800760462696,0.0136048892863691,0.0211679254927057,CellRank
cellrank_proxy,airway_epithelial,lymphoid,10,0.0064429394470816,0.0034067746213594,0.0093731454070525,CellRank
cellrank_proxy,airway_epithelial,macrophage,10,0.0078424294007053,0.0049401800440363,0.0121065871982552,CellRank
cellrank_proxy,airway_epithelial,recruited_monocyte_macrophage,10,0.0078859288543155,0.0055212987398401,0.013659125024988,CellRank
cellrank_proxy,alveolar_epithelial_AT1_AT2,activated_Krt8_ADI_epithelial,10,0.0082921969458428,0.0062786262952666,0.0114044896371338,CellRank
cellrank_proxy,alveolar_epithelial_AT1_AT2,airway_epithelial,10,0.0050812107672313,0.0036105807988169,0.0076756170340269,CellRank
cellrank_proxy,alveolar_epithelial_AT1_AT2,alveolar_epithelial_AT1_AT2,10,0.0267660711821224,0.0238040174079771,0.031869788794006,CellRank
cellrank_proxy,alveolar_epithelial_AT1_AT2,dendritic,10,0.0056054419866371,0.0035351382268219,0.0079006107730508,CellRank
cellrank_proxy,alveolar_epithelial_AT1_AT2,endothelial,10,0.0199790349563397,0.0148754840884016,0.02549139439233,CellRank
cellrank_proxy,alveolar_epithelial_AT1_AT2,fibroblast_myofibroblast,10,0.0043612470042328,0.0019574924699882,0.009342092994626,CellRank
cellrank_proxy,alveolar_epithelial_AT1_AT2,lymphoid,10,0.0070022503240286,0.003329917195459,0.0092636751092204,CellRank
cellrank_proxy,alveolar_epithelial_AT1_AT2,macrophage,10,0.0104602725985266,0.0065997634536044,0.012881276308811,CellRank
cellrank_proxy,alveolar_epithelial_AT1_AT2,recruited_monocyte_macrophage,10,0.0156866853993703,0.0136638088180355,0.0186752896880251,CellRank
cellrank_proxy,dendritic,activated_Krt8_ADI_epithelial,10,0.0105411647939128,0.0081311164154604,0.0144498739985938,CellRank
cellrank_proxy,dendritic,airway_epithelial,10,0.0048966993541114,0.0034177858125936,0.0079489827622877,CellRank
cellrank_proxy,dendritic,alveolar_epithelial_AT1_AT2,10,0.005781605577276,0.0032511751266092,0.0075449273895453,CellRank
cellrank_proxy,dendritic,dendritic,10,0.0225529070018248,0.0199475848209862,0.0299779702763243,CellRank
cellrank_proxy,dendritic,endothelial,10,0.0076425945012673,0.0047653340860827,0.0113863655129496,CellRank
cellrank_proxy,dendritic,fibroblast_myofibroblast,10,0.0098693192351412,0.0063275629194902,0.0130127234808498,CellRank
cellrank_proxy,dendritic,lymphoid,10,0.0184935457956527,0.0155764172424212,0.0223948147588236,CellRank
cellrank_proxy,dendritic,macrophage,10,0.0168530905283016,0.0113909501815612,0.0194814561562795,CellRank
cellrank_proxy,dendritic,recruited_monocyte_macrophage,10,0.0123190195138107,0.0108362626269476,0.0139382096103457,CellRank
cellrank_proxy,endothelial,activated_Krt8_ADI_epithelial,10,0.0129037567644095,0.0107155510403081,0.0164466706018616,CellRank
cellrank_proxy,endothelial,airway_epithelial,10,0.0060640416703117,0.0041334395712952,0.0081364532540198,CellRank
cellrank_proxy,endothelial,alveolar_epithelial_AT1_AT2,10,0.0206698013076696,0.0146981623986769,0.0259846421489565,CellRank
cellrank_proxy,endothelial,dendritic,10,0.0081972528931179,0.0052916730235696,0.0122875134997989,CellRank
cellrank_proxy,endothelial,endothelial,10,0.0178587229549612,0.0120886803076312,0.0266381837883093,CellRank
cellrank_proxy,endothelial,fibroblast_myofibroblast,10,0.0087742293850484,0.0068318500107427,0.0130170579773679,CellRank
cellrank_proxy,endothelial,lymphoid,10,0.0075788096017209,0.005374713742124,0.0120410227905806,CellRank
cellrank_proxy,endothelial,macrophage,10,0.0148486339558118,0.0114920570393447,0.0197924153855035,CellRank
cellrank_proxy,endothelial,recruited_monocyte_macrophage,10,0.0168893752172429,0.0127819809898927,0.0215090266155073,CellRank
cellrank_proxy,fibroblast_myofibroblast,activated_Krt8_ADI_epithelial,10,0.0103730464492289,0.0082046693082118,0.0145270268896287,CellRank
cellrank_proxy,fibroblast_myofibroblast,airway_epithelial,10,0.0160207698999282,0.0141579120509228,0.0205067055911245,CellRank
cellrank_proxy,fibroblast_myofibroblast,alveolar_epithelial_AT1_AT2,10,0.0046405113478954,0.0021364799662236,0.0097096732309824,CellRank
cellrank_proxy,fibroblast_myofibroblast,dendritic,10,0.0106672370163481,0.0074099791705381,0.0137469646719032,CellRank
cellrank_proxy,fibroblast_myofibroblast,endothelial,10,0.0090898345206295,0.006807255462092,0.0139080822117758,CellRank
cellrank_proxy,fibroblast_myofibroblast,fibroblast_myofibroblast,10,0.0398279806184418,0.0306174549996321,0.0463624048692093,CellRank
cellrank_proxy,fibroblast_myofibroblast,lymphoid,10,0.0089237845874888,0.0058709737441139,0.0122633588706525,CellRank
cellrank_proxy,fibroblast_myofibroblast,macrophage,10,0.0101800494485839,0.0083735984118936,0.01953640718269,CellRank
cellrank_proxy,fibroblast_myofibroblast,recruited_monocyte_macrophage,10,0.0069367681877978,0.0039177087736623,0.0088558398861134,CellRank
cellrank_proxy,lymphoid,activated_Krt8_ADI_epithelial,10,0.0105878795027361,0.0079573252091809,0.013786246873513,CellRank
cellrank_proxy,lymphoid,airway_epithelial,10,0.0060148081193805,0.0030643877721336,0.0084546355658072,CellRank
cellrank_proxy,lymphoid,alveolar_epithelial_AT1_AT2,10,0.0069402897678365,0.0032556982960345,0.0092630624437419,CellRank
cellrank_proxy,lymphoid,dendritic,10,0.0188412623185313,0.0155160829028285,0.0224977386540381,CellRank
cellrank_proxy,lymphoid,endothelial,10,0.0073158502158522,0.0054244542077418,0.0116865506250718,CellRank
cellrank_proxy,lymphoid,fibroblast_myofibroblast,10,0.0083101721372673,0.0055334822326697,0.0116715400720592,CellRank
cellrank_proxy,lymphoid,lymphoid,10,0.0230564651183318,0.0164878632567048,0.0333736058370343,CellRank
cellrank_proxy,lymphoid,macrophage,10,0.014209418545639,0.0124477405981694,0.0198575946903471,CellRank
cellrank_proxy,lymphoid,recruited_monocyte_macrophage,10,0.0121092085289624,0.0079565694278839,0.0169303270758635,CellRank
cellrank_proxy,macrophage,activated_Krt8_ADI_epithelial,10,0.0113004025009605,0.0067359932397129,0.0145494335892391,CellRank
cellrank_proxy,macrophage,airway_epithelial,10,0.0068371467510499,0.0041303189861406,0.0114987862591266,CellRank
cellrank_proxy,macrophage,alveolar_epithelial_AT1_AT2,10,0.0093498096405187,0.006130973814365,0.0126069478979364,CellRank
cellrank_proxy,macrophage,dendritic,10,0.0160618549992839,0.0109501213851324,0.018841595239231,CellRank
cellrank_proxy,macrophage,endothelial,10,0.0135135560231902,0.010623547149258,0.0184734643351658,CellRank
cellrank_proxy,macrophage,fibroblast_myofibroblast,10,0.0085502296908674,0.0073020175668026,0.0172135717624552,CellRank
cellrank_proxy,macrophage,lymphoid,10,0.0132316685732859,0.0118758192587919,0.0185818633532403,CellRank
cellrank_proxy,macrophage,macrophage,10,0.0139148834318015,0.0098922491527625,0.0168117192447838,CellRank
cellrank_proxy,macrophage,recruited_monocyte_macrophage,10,0.0101873319907414,0.0073168875586152,0.0149336719677715,CellRank
cellrank_proxy,recruited_monocyte_macrophage,activated_Krt8_ADI_epithelial,10,0.0101397996202562,0.0071410767669336,0.0123188740839699,CellRank
cellrank_proxy,recruited_monocyte_macrophage,airway_epithelial,10,0.0072773873813192,0.0047633659396092,0.0125402817026728,CellRank
cellrank_proxy,recruited_monocyte_macrophage,alveolar_epithelial_AT1_AT2,10,0.0151781498018144,0.0136880516193172,0.0180807475182273,CellRank
cellrank_proxy,recruited_monocyte_macrophage,dendritic,10,0.0127662266067447,0.0111487847449326,0.0143040715088818,CellRank
cellrank_proxy,recruited_monocyte_macrophage,endothelial,10,0.0164074547231489,0.0130531178655115,0.0212823608673218,CellRank
cellrank_proxy,recruited_monocyte_macrophage,fibroblast_myofibroblast,10,0.0067036478900336,0.004282760153153,0.0085047935829708,CellRank
cellrank_proxy,recruited_monocyte_macrophage,lymphoid,10,0.0119224965452621,0.0077410093895667,0.0167576773423506,CellRank
cellrank_proxy,recruited_monocyte_macrophage,macrophage,10,0.0107796268334039,0.0082817180281818,0.0157732912899768,CellRank
cellrank_proxy,recruited_monocyte_macrophage,recruited_monocyte_macrophage,10,0.017514643996423,0.012372283894098,0.0228457998648622,CellRank
observed,activated_Krt8_ADI_epithelial,activated_Krt8_ADI_epithelial,10,0.0229833951659583,0.018002924036858,0.036620722843721,Observed
observed,activated_Krt8_ADI_epithelial,airway_epithelial,10,0.0094701048689058,0.0085135130805872,0.0148269056617585,Observed
observed,activated_Krt8_ADI_epithelial,alveolar_epithelial_AT1_AT2,10,0.0124019672744756,0.0099883029941804,0.0214775195473811,Observed
observed,activated_Krt8_ADI_epithelial,dendritic,10,0.009322328646112,0.0060999025662057,0.0153641958961823,Observed
observed,activated_Krt8_ADI_epithelial,endothelial,10,0.0174727065287181,0.0107790259407289,0.0221755089081082,Observed
observed,activated_Krt8_ADI_epithelial,fibroblast_myofibroblast,10,0.0102379743377412,0.0062935971447462,0.0150174660272692,Observed
observed,activated_Krt8_ADI_epithelial,lymphoid,10,0.0117528640131942,0.0081662215340737,0.0176459095171655,Observed
observed,activated_Krt8_ADI_epithelial,macrophage,10,0.0169580960228689,0.0131829642315255,0.0229124291597347,Observed
observed,activated_Krt8_ADI_epithelial,recruited_monocyte_macrophage,10,0.0143429969801166,0.0074554674741631,0.0212508491985403,Observed
observed,airway_epithelial,activated_Krt8_ADI_epithelial,10,0.0091599414346857,0.0060409392562558,0.0147795805731966,Observed
observed,airway_epithelial,airway_epithelial,10,0.0146952989855523,0.0093824680368322,0.0176431608180425,Observed
observed,airway_epithelial,alveolar_epithelial_AT1_AT2,10,0.0073091924356708,0.0049858848649725,0.0110521348944369,Observed
observed,airway_epithelial,dendritic,10,0.006056311337359,0.0033366017114823,0.0110452621859193,Observed
observed,airway_epithelial,endothelial,10,0.0071120745588847,0.0017706181319731,0.0109078904386469,Observed
observed,airway_epithelial,fibroblast_myofibroblast,10,0.0100870936152592,0.0068488904137154,0.0122413562801696,Observed
observed,airway_epithelial,lymphoid,10,0.0060435092155309,0.0026319533364458,0.0085324393692787,Observed
observed,airway_epithelial,macrophage,10,0.0070231435304983,0.0038187709965798,0.0097414735916623,Observed
observed,airway_epithelial,recruited_monocyte_macrophage,10,0.0062910651327617,0.0037844020729947,0.0094871399313711,Observed
observed,alveolar_epithelial_AT1_AT2,activated_Krt8_ADI_epithelial,10,0.0134410682944354,0.0111274851352743,0.0188517156605579,Observed
observed,alveolar_epithelial_AT1_AT2,airway_epithelial,10,0.0063628398603723,0.0046487829011571,0.0107028046393207,Observed
observed,alveolar_epithelial_AT1_AT2,alveolar_epithelial_AT1_AT2,10,0.0180121275694285,0.0089577876000154,0.0244319940022606,Observed
observed,alveolar_epithelial_AT1_AT2,dendritic,10,0.0113314534196199,0.0066913848017643,0.0137700607775243,Observed
observed,alveolar_epithelial_AT1_AT2,endothelial,10,0.01983870216073,0.0146041248451649,0.0318184903092806,Observed
observed,alveolar_epithelial_AT1_AT2,fibroblast_myofibroblast,10,0.0072656549898968,0.0035706436312637,0.0096693848226783,Observed
observed,alveolar_epithelial_AT1_AT2,lymphoid,10,0.0117956825799888,0.0069657748704406,0.0139185842048712,Observed
observed,alveolar_epithelial_AT1_AT2,macrophage,10,0.0183507104651821,0.0143505333619453,0.0246965723692704,Observed
observed,alveolar_epithelial_AT1_AT2,recruited_monocyte_macrophage,10,0.0148507013904848,0.0120096116632958,0.0196225813369935,Observed
observed,dendritic,activated_Krt8_ADI_epithelial,10,0.0114482852333284,0.0090502979707197,0.0127788875188369,Observed
observed,dendritic,airway_epithelial,10,0.006829242012553,0.0043795940846799,0.0113229379151648,Observed
observed,dendritic,alveolar_epithelial_AT1_AT2,10,0.011588013946801,0.0062747826799348,0.0141547229065092,Observed
observed,dendritic,dendritic,10,0.0128224531381396,0.0099209958128201,0.0202098366171934,Observed
observed,dendritic,endothelial,10,0.0150648475155388,0.0129728945331578,0.0181091946555662,Observed
observed,dendritic,fibroblast_myofibroblast,10,0.012750740727111,0.005062320549341,0.0156806977274797,Observed
observed,dendritic,lymphoid,10,0.0154372036414312,0.0116208802346764,0.0255833697114434,Observed
observed,dendritic,macrophage,10,0.0145371736558242,0.0098887200477964,0.0194563461640915,Observed
observed,dendritic,recruited_monocyte_macrophage,10,0.0124846254265322,0.009757480275043,0.0174282219660198,Observed
observed,endothelial,activated_Krt8_ADI_epithelial,10,0.0146887447694185,0.0059750828507492,0.0193236838963894,Observed
observed,endothelial,airway_epithelial,10,0.0057061099830742,0.0027065227476759,0.008410628534723,Observed
observed,endothelial,alveolar_epithelial_AT1_AT2,10,0.0182130661001799,0.0126257201577985,0.0233330156674241,Observed
observed,endothelial,dendritic,10,0.0131955092200214,0.0081923883092286,0.016084522028095,Observed
observed,endothelial,endothelial,10,0.0153895629739351,0.008385943995011,0.0236558916114318,Observed
observed,endothelial,fibroblast_myofibroblast,10,0.0079649493841301,0.0047724106366725,0.0124642553222271,Observed
observed,endothelial,lymphoid,10,0.0121487063921299,0.0078818382581774,0.0140029077114197,Observed
observed,endothelial,macrophage,10,0.0142439416810552,0.0110659228306394,0.0223616773905221,Observed
observed,endothelial,recruited_monocyte_macrophage,10,0.0136784060203651,0.0109757403939484,0.0212210797316979,Observed
observed,fibroblast_myofibroblast,activated_Krt8_ADI_epithelial,10,0.0093848546102923,0.0066497463581753,0.0118652579891654,Observed
observed,fibroblast_myofibroblast,airway_epithelial,10,0.0116619989960832,0.0089705997948788,0.0125937202116308,Observed
observed,fibroblast_myofibroblast,alveolar_epithelial_AT1_AT2,10,0.0054333324833362,0.0039587470475768,0.0076153496277243,Observed
observed,fibroblast_myofibroblast,dendritic,10,0.0129516928512927,0.0056012017194649,0.0152983684797662,Observed
observed,fibroblast_myofibroblast,endothelial,10,0.0089694574614442,0.0046145721398094,0.0160640635895245,Observed
observed,fibroblast_myofibroblast,fibroblast_myofibroblast,10,0.0261783591526439,0.0196325800910715,0.0290918533659008,Observed
observed,fibroblast_myofibroblast,lymphoid,10,0.0094655075198815,0.0066090054693402,0.0124113635121753,Observed
observed,fibroblast_myofibroblast,macrophage,10,0.0102145195522545,0.005521915264548,0.0121054477081881,Observed
observed,fibroblast_myofibroblast,recruited_monocyte_macrophage,10,0.0090309623417376,0.0057336546344095,0.0121004706134868,Observed
observed,lymphoid,activated_Krt8_ADI_epithelial,10,0.0111336977776255,0.0086372984562284,0.0172720630166595,Observed
observed,lymphoid,airway_epithelial,10,0.0049965508013627,0.0018779632235335,0.0092051964296065,Observed
observed,lymphoid,alveolar_epithelial_AT1_AT2,10,0.0108385645264644,0.0071562552900598,0.0162959543215729,Observed
observed,lymphoid,dendritic,10,0.0133970009697966,0.0109488810950135,0.0214610024195889,Observed
observed,lymphoid,endothelial,10,0.0157422675631171,0.0109133139229492,0.018816196549602,Observed
observed,lymphoid,fibroblast_myofibroblast,10,0.0105294536682296,0.0075637816454445,0.017501061343997,Observed
observed,lymphoid,lymphoid,10,0.0102459964050812,0.0031323684412933,0.0176000970591133,Observed
observed,lymphoid,macrophage,10,0.0130108308964493,0.0109139325445967,0.0215591282409321,Observed
observed,lymphoid,recruited_monocyte_macrophage,10,0.0127970443889388,0.0100793762709931,0.0171265519194883,Observed
observed,macrophage,activated_Krt8_ADI_epithelial,10,0.0152660891348502,0.011526348215677,0.0197161247008977,Observed
observed,macrophage,airway_epithelial,10,0.0069949723497073,0.0039356145086469,0.0086799915197558,Observed
observed,macrophage,alveolar_epithelial_AT1_AT2,10,0.017192781399801,0.0123396409848382,0.0220707490732678,Observed
observed,macrophage,dendritic,10,0.0154267320748479,0.0109449152373019,0.0209868052507126,Observed
observed,macrophage,endothelial,10,0.0175762168499348,0.0104298853535674,0.0211096035567618,Observed
observed,macrophage,fibroblast_myofibroblast,10,0.0068314813140055,0.0032891143392051,0.0102611900192628,Observed
observed,macrophage,lymphoid,10,0.0121193485339421,0.0100958932088068,0.0166451226184397,Observed
observed,macrophage,macrophage,10,0.0156572453245823,0.0087416080635178,0.0194070161885433,Observed
observed,macrophage,recruited_monocyte_macrophage,10,0.0179021779609991,0.007947679702043,0.0251746146241246,Observed
observed,recruited_monocyte_macrophage,activated_Krt8_ADI_epithelial,10,0.0131525443638021,0.0079242488505576,0.0192322081003509,Observed
observed,recruited_monocyte_macrophage,airway_epithelial,10,0.0068212549202338,0.0040158256533835,0.0101522373187015,Observed
observed,recruited_monocyte_macrophage,alveolar_epithelial_AT1_AT2,10,0.0152222428001246,0.0112868448410611,0.0187122703310247,Observed
observed,recruited_monocyte_macrophage,dendritic,10,0.0125026972606014,0.0058703561579749,0.0155964201695705,Observed
observed,recruited_monocyte_macrophage,endothelial,10,0.0166787479840642,0.0098498538698738,0.0217645216411585,Observed
observed,recruited_monocyte_macrophage,fibroblast_myofibroblast,10,0.0076178309467235,0.0049783081449716,0.0099504408127169,Observed
observed,recruited_monocyte_macrophage,lymphoid,10,0.0125990392693644,0.0091999477591808,0.0190523039325073,Observed
observed,recruited_monocyte_macrophage,macrophage,10,0.0169637066598437,0.0128347735502808,0.0236387069013068,Observed
observed,recruited_monocyte_macrophage,recruited_monocyte_macrophage,10,0.0118457040425531,0.0096842320104623,0.0187493469508696,Observed
scgen,activated_Krt8_ADI_epithelial,activated_Krt8_ADI_epithelial,10,0.0218592201864615,0.0183739705521888,0.032103752363875,scGen
scgen,activated_Krt8_ADI_epithelial,airway_epithelial,10,0.0125549956632172,0.0091301948568862,0.0159387874942102,scGen
scgen,activated_Krt8_ADI_epithelial,alveolar_epithelial_AT1_AT2,10,0.0083624787569115,0.0060921806514713,0.0109110028640324,scGen
scgen,activated_Krt8_ADI_epithelial,dendritic,10,0.0108969955101732,0.0084072450403264,0.0146624523399715,scGen
scgen,activated_Krt8_ADI_epithelial,endothelial,10,0.0132776081745252,0.0106355730739762,0.0159910884453823,scGen
scgen,activated_Krt8_ADI_epithelial,fibroblast_myofibroblast,10,0.0096866602372026,0.0076959169870349,0.0129780075878059,scGen
scgen,activated_Krt8_ADI_epithelial,lymphoid,10,0.0103543968994748,0.0075948036898754,0.014558455686729,scGen
scgen,activated_Krt8_ADI_epithelial,macrophage,10,0.0111833875481539,0.0068430200494851,0.0153132269980655,scGen
scgen,activated_Krt8_ADI_epithelial,recruited_monocyte_macrophage,10,0.0099950357132449,0.007065705430145,0.0120512724486511,scGen
scgen,airway_epithelial,activated_Krt8_ADI_epithelial,10,0.0128899829595543,0.0101654481171897,0.0168112183896247,scGen
scgen,airway_epithelial,airway_epithelial,10,0.0393146734177484,0.0343145848126082,0.0435347680039302,scGen
scgen,airway_epithelial,alveolar_epithelial_AT1_AT2,10,0.0057530732946493,0.0036834842803055,0.0078684027456707,scGen
scgen,airway_epithelial,dendritic,10,0.0054302626336631,0.0038529966036443,0.008045247014887,scGen
scgen,airway_epithelial,endothelial,10,0.0064600854777155,0.0037713157961194,0.0084781186803736,scGen
scgen,airway_epithelial,fibroblast_myofibroblast,10,0.0151106140992731,0.0118967326954793,0.0193531420339011,scGen
scgen,airway_epithelial,lymphoid,10,0.0060964431260398,0.0032334506254485,0.0095961615758628,scGen
scgen,airway_epithelial,macrophage,10,0.0080530144974486,0.0047429318851479,0.0120997144624669,scGen
scgen,airway_epithelial,recruited_monocyte_macrophage,10,0.0075685195790277,0.0051540622889598,0.0126420179919118,scGen
scgen,alveolar_epithelial_AT1_AT2,activated_Krt8_ADI_epithelial,10,0.0089182170497142,0.0058600315210487,0.0112119034431313,scGen
scgen,alveolar_epithelial_AT1_AT2,airway_epithelial,10,0.0060472593636336,0.0044782297913216,0.0089174044534861,scGen
scgen,alveolar_epithelial_AT1_AT2,alveolar_epithelial_AT1_AT2,10,0.0299428970355525,0.0248998196925344,0.0348576349578017,scGen
scgen,alveolar_epithelial_AT1_AT2,dendritic,10,0.006527076057674,0.0034237310975907,0.0086598443055745,scGen
scgen,alveolar_epithelial_AT1_AT2,endothelial,10,0.02238937649375,0.0176854026297202,0.0299197810540784,scGen
scgen,alveolar_epithelial_AT1_AT2,fibroblast_myofibroblast,10,0.0052695526479538,0.0026500180358072,0.0107536393044665,scGen
scgen,alveolar_epithelial_AT1_AT2,lymphoid,10,0.0074772178095499,0.0036626225606904,0.0116687228450915,scGen
scgen,alveolar_epithelial_AT1_AT2,macrophage,10,0.0100418990175476,0.0071736725250298,0.0128165198789074,scGen
scgen,alveolar_epithelial_AT1_AT2,recruited_monocyte_macrophage,10,0.017061895167557,0.0142687978791107,0.0220762882023332,scGen
scgen,dendritic,activated_Krt8_ADI_epithelial,10,0.0101494113343823,0.0071355140921042,0.0139924904050969,scGen
scgen,dendritic,airway_epithelial,10,0.0045313989363389,0.002951945233405,0.0074376807951733,scGen
scgen,dendritic,alveolar_epithelial_AT1_AT2,10,0.00591726566996,0.0034628481557321,0.007864267292028,scGen
scgen,dendritic,dendritic,10,0.0224687361600884,0.0192874149793063,0.030002941507702,scGen
scgen,dendritic,endothelial,10,0.0087277676241302,0.005780096109828,0.0140221312083508,scGen
scgen,dendritic,fibroblast_myofibroblast,10,0.0095523363394601,0.0067241151963148,0.0121602017339381,scGen
scgen,dendritic,lymphoid,10,0.0192940224306753,0.015799986372397,0.0220035168185396,scGen
scgen,dendritic,macrophage,10,0.0161712249812417,0.011482781186515,0.0191603750524421,scGen
scgen,dendritic,recruited_monocyte_macrophage,10,0.0120359283105744,0.011381224259196,0.0138454073374074,scGen
scgen,endothelial,activated_Krt8_ADI_epithelial,10,0.0124268917120437,0.0109888119790795,0.0159315073102965,scGen
scgen,endothelial,airway_epithelial,10,0.0058085041447216,0.0037759802863756,0.0071541857826135,scGen
scgen,endothelial,alveolar_epithelial_AT1_AT2,10,0.0208270392414963,0.0145975644953444,0.0277629507154316,scGen
scgen,endothelial,dendritic,10,0.0084612327538432,0.0058701066140558,0.0126941726323331,scGen
scgen,endothelial,endothelial,10,0.0180983100509633,0.0122806020249578,0.0277558373511945,scGen
scgen,endothelial,fibroblast_myofibroblast,10,0.0091521123524891,0.006065397630602,0.0139046626459143,scGen
scgen,endothelial,lymphoid,10,0.0079706961958264,0.0052865366887065,0.0114433902758387,scGen
scgen,endothelial,macrophage,10,0.0137796237581243,0.0111244556219531,0.0202503400475776,scGen
scgen,endothelial,recruited_monocyte_macrophage,10,0.0167635284789348,0.0128292747571481,0.0205974365725932,scGen
scgen,fibroblast_myofibroblast,activated_Krt8_ADI_epithelial,10,0.009481578186517,0.0067547059534254,0.0128697476910871,scGen
scgen,fibroblast_myofibroblast,airway_epithelial,10,0.0136246184067089,0.0111364340101822,0.0184452235276386,scGen
scgen,fibroblast_myofibroblast,alveolar_epithelial_AT1_AT2,10,0.0045181763729815,0.0018549790548262,0.009578030036374,scGen
scgen,fibroblast_myofibroblast,dendritic,10,0.0100473045037385,0.0064705515054596,0.01281003029535,scGen
scgen,fibroblast_myofibroblast,endothelial,10,0.0089350964875753,0.0058361469183966,0.0137365147005846,scGen
scgen,fibroblast_myofibroblast,fibroblast_myofibroblast,10,0.0337080126067872,0.0260606396971535,0.0392371417759684,scGen
scgen,fibroblast_myofibroblast,lymphoid,10,0.0082275865639241,0.005077791941365,0.0113926472099435,scGen
scgen,fibroblast_myofibroblast,macrophage,10,0.008683252822665,0.0072035510894615,0.0175000205771675,scGen
scgen,fibroblast_myofibroblast,recruited_monocyte_macrophage,10,0.0066559703340554,0.004268030044205,0.0083357231672178,scGen
scgen,lymphoid,activated_Krt8_ADI_epithelial,10,0.0097876367262115,0.0075351902367304,0.0122131235631642,scGen
scgen,lymphoid,airway_epithelial,10,0.0051904108915452,0.0029747209393874,0.0085235407985649,scGen
scgen,lymphoid,alveolar_epithelial_AT1_AT2,10,0.0075265503602976,0.003071280342899,0.011096081823461,scGen
scgen,lymphoid,dendritic,10,0.0188775328229032,0.01566698960696,0.022279556869208,scGen
scgen,lymphoid,endothelial,10,0.0076519848823111,0.005621398791707,0.0115574183054784,scGen
scgen,lymphoid,fibroblast_myofibroblast,10,0.0077954562798117,0.00500234572192,0.0108671871161204,scGen
scgen,lymphoid,lymphoid,10,0.0221817931526289,0.016339588159267,0.0328001335415095,scGen
scgen,lymphoid,macrophage,10,0.0138359142371022,0.0118312407715632,0.019258777838344,scGen
scgen,lymphoid,recruited_monocyte_macrophage,10,0.012358200557377,0.0076627637205029,0.0167105301560376,scGen
scgen,macrophage,activated_Krt8_ADI_epithelial,10,0.0115073788189992,0.0073281138747735,0.0158657822625389,scGen
scgen,macrophage,airway_epithelial,10,0.0072831985555721,0.0042334370850474,0.011924243765313,scGen
scgen,macrophage,alveolar_epithelial_AT1_AT2,10,0.0102778538361927,0.0076988108120332,0.014582128776857,scGen
scgen,macrophage,dendritic,10,0.0162990711751097,0.0124254791506394,0.0180822571168505,scGen
scgen,macrophage,endothelial,10,0.0150649372591574,0.0126899767642194,0.0214223175771798,scGen
scgen,macrophage,fibroblast_myofibroblast,10,0.0096190155476562,0.0075844590969943,0.0180596033995583,scGen
scgen,macrophage,lymphoid,10,0.0145749620486827,0.0126896883051383,0.019595417844036,scGen
scgen,macrophage,macrophage,10,0.0146119560907304,0.0103490086798962,0.0181693699994743,scGen
scgen,macrophage,recruited_monocyte_macrophage,10,0.0112392986990686,0.0077497838938105,0.015910454122111,scGen
scgen,recruited_monocyte_macrophage,activated_Krt8_ADI_epithelial,10,0.0095261368867962,0.0067038352550134,0.0120591309903498,scGen
scgen,recruited_monocyte_macrophage,airway_epithelial,10,0.0070075483674178,0.0048271495152166,0.012083351619524,scGen
scgen,recruited_monocyte_macrophage,alveolar_epithelial_AT1_AT2,10,0.0161838565256553,0.0140402242868982,0.0190354710925276,scGen
scgen,recruited_monocyte_macrophage,dendritic,10,0.0131159852304201,0.0118994266404046,0.0141313229181238,scGen
scgen,recruited_monocyte_macrophage,endothelial,10,0.0167701841807337,0.0134434391959517,0.0231352460539015,scGen
scgen,recruited_monocyte_macrophage,fibroblast_myofibroblast,10,0.0061415285565944,0.0042581078801916,0.0086542288301409,scGen
scgen,recruited_monocyte_macrophage,lymphoid,10,0.0121466435463986,0.0079310727986417,0.0183303126261831,scGen
scgen,recruited_monocyte_macrophage,macrophage,10,0.0113104894277636,0.0082715762153838,0.0156618647607855,scGen
scgen,recruited_monocyte_macrophage,recruited_monocyte_macrophage,10,0.0166114760539231,0.012911041832857,0.0227192585274665,scGen
scgpt,activated_Krt8_ADI_epithelial,activated_Krt8_ADI_epithelial,10,0.0273150160831866,0.0229644094413903,0.0408825469195863,scGPT
scgpt,activated_Krt8_ADI_epithelial,airway_epithelial,10,0.0169008594796315,0.0132813189421358,0.0227546737460667,scGPT
scgpt,activated_Krt8_ADI_epithelial,alveolar_epithelial_AT1_AT2,10,0.0103956834219747,0.0070922678279173,0.0143724022947673,scGPT
scgpt,activated_Krt8_ADI_epithelial,dendritic,10,0.0106934610936985,0.0091212999011533,0.013462622005441,scGPT
scgpt,activated_Krt8_ADI_epithelial,endothelial,10,0.0178159944329856,0.0147079588554407,0.0198899611909077,scGPT
scgpt,activated_Krt8_ADI_epithelial,fibroblast_myofibroblast,10,0.0139950274786809,0.0097834103232163,0.0175644730245736,scGPT
scgpt,activated_Krt8_ADI_epithelial,lymphoid,10,0.0102440161494119,0.0078408928538602,0.0137455627272109,scGPT
scgpt,activated_Krt8_ADI_epithelial,macrophage,10,0.0097563887918695,0.0052785277159952,0.0120018277094832,scGPT
scgpt,activated_Krt8_ADI_epithelial,recruited_monocyte_macrophage,10,0.0093435566417849,0.0057691485194905,0.0109940018160768,scGPT
scgpt,airway_epithelial,activated_Krt8_ADI_epithelial,10,0.0165881008075111,0.0123829705311974,0.0214620269367851,scGPT
scgpt,airway_epithelial,airway_epithelial,10,0.047767853282356,0.0426064792449937,0.0522861611153366,scGPT
scgpt,airway_epithelial,alveolar_epithelial_AT1_AT2,10,0.0064054970503668,0.0046549392440748,0.0088150912312058,scGPT
scgpt,airway_epithelial,dendritic,10,0.0047882495211167,0.0031758770567503,0.0078993222438968,scGPT
scgpt,airway_epithelial,endothelial,10,0.0085499209000896,0.0051626819940659,0.0110035829197119,scGPT
scgpt,airway_epithelial,fibroblast_myofibroblast,10,0.0218275633244696,0.0164758983677703,0.0267901151843789,scGPT
scgpt,airway_epithelial,lymphoid,10,0.0058742279663972,0.0027884698328881,0.0089346932769797,scGPT
scgpt,airway_epithelial,macrophage,10,0.0054657344665256,0.0036122891895027,0.0091328924396864,scGPT
scgpt,airway_epithelial,recruited_monocyte_macrophage,10,0.0068799286289321,0.0045452414011735,0.0113365427496852,scGPT
scgpt,alveolar_epithelial_AT1_AT2,activated_Krt8_ADI_epithelial,10,0.0101770417761836,0.0067091146125673,0.013762977154715,scGPT
scgpt,alveolar_epithelial_AT1_AT2,airway_epithelial,10,0.0064111615914617,0.0044318614231275,0.0089462717884543,scGPT
scgpt,alveolar_epithelial_AT1_AT2,alveolar_epithelial_AT1_AT2,10,0.0347789961034694,0.0267601268761275,0.0401561752380763,scGPT
scgpt,alveolar_epithelial_AT1_AT2,dendritic,10,0.0049958298308713,0.0024839264880085,0.0061171014155104,scGPT
scgpt,alveolar_epithelial_AT1_AT2,endothelial,10,0.0274780554905357,0.0207613655052748,0.0360938006642852,scGPT
scgpt,alveolar_epithelial_AT1_AT2,fibroblast_myofibroblast,10,0.00656007892867,0.0026716185323199,0.0121792571519916,scGPT
scgpt,alveolar_epithelial_AT1_AT2,lymphoid,10,0.0067710101213283,0.0033822807738663,0.0096932930635373,scGPT
scgpt,alveolar_epithelial_AT1_AT2,macrophage,10,0.0081279190455257,0.0051922839760858,0.0101871538895054,scGPT
scgpt,alveolar_epithelial_AT1_AT2,recruited_monocyte_macrophage,10,0.0130793842053873,0.0106138386883217,0.0171169628059351,scGPT
scgpt,dendritic,activated_Krt8_ADI_epithelial,10,0.0099821746245988,0.0086996456402026,0.0135316124956694,scGPT
scgpt,dendritic,airway_epithelial,10,0.0047520608124879,0.0031268298920329,0.0075746302637518,scGPT
scgpt,dendritic,alveolar_epithelial_AT1_AT2,10,0.0044024170640594,0.0024403141989073,0.0059415866843262,scGPT
scgpt,dendritic,dendritic,10,0.0155315780268713,0.012955691150515,0.0208915798910829,scGPT
scgpt,dendritic,endothelial,10,0.0065553068563943,0.0038652731097506,0.0110932444232392,scGPT
scgpt,dendritic,fibroblast_myofibroblast,10,0.0080406284965836,0.006012883155003,0.011390296054358,scGPT
scgpt,dendritic,lymphoid,10,0.0121572690494365,0.0099721594513491,0.0149012706419856,scGPT
scgpt,dendritic,macrophage,10,0.0101510357031061,0.006293982577917,0.0139464282159026,scGPT
scgpt,dendritic,recruited_monocyte_macrophage,10,0.0081033002290479,0.0069514226400086,0.0106057926769215,scGPT
scgpt,endothelial,activated_Krt8_ADI_epithelial,10,0.0184497008335355,0.0155373143693159,0.0210631400781256,scGPT
scgpt,endothelial,airway_epithelial,10,0.0096799918647159,0.0059061392591592,0.0120438885954135,scGPT
scgpt,endothelial,alveolar_epithelial_AT1_AT2,10,0.0296151978717817,0.0230948937996635,0.0386283407356818,scGPT
scgpt,endothelial,dendritic,10,0.0081722431152026,0.0051781837408701,0.0125595627293625,scGPT
scgpt,endothelial,endothelial,10,0.0287164131374579,0.0190634240732339,0.0398321196831595,scGPT
scgpt,endothelial,fibroblast_myofibroblast,10,0.0142553862908785,0.0103278240824806,0.0199365709095892,scGPT
scgpt,endothelial,lymphoid,10,0.0082461040001297,0.0056744740183104,0.0122711226890421,scGPT
scgpt,endothelial,macrophage,10,0.0124668147695109,0.0109796303273437,0.0168702387374416,scGPT
scgpt,endothelial,recruited_monocyte_macrophage,10,0.0162231654768675,0.0122972303097206,0.020434319611831,scGPT
scgpt,fibroblast_myofibroblast,activated_Krt8_ADI_epithelial,10,0.0148514347604433,0.0102354466382159,0.0180055449522398,scGPT
scgpt,fibroblast_myofibroblast,airway_epithelial,10,0.0229777130873461,0.0179020104113322,0.0287673502926471,scGPT
scgpt,fibroblast_myofibroblast,alveolar_epithelial_AT1_AT2,10,0.006554888448824,0.0035827098523856,0.0128536869422951,scGPT
scgpt,fibroblast_myofibroblast,dendritic,10,0.0099719274369681,0.0073142221849212,0.0136477562645161,scGPT
scgpt,fibroblast_myofibroblast,endothelial,10,0.0141114581376001,0.0100872343734014,0.0186464146271223,scGPT
scgpt,fibroblast_myofibroblast,fibroblast_myofibroblast,10,0.0577960437119953,0.0449143436592254,0.0661194293741427,scGPT
scgpt,fibroblast_myofibroblast,lymphoid,10,0.0085171544277258,0.0047160624851687,0.0126783867165059,scGPT
scgpt,fibroblast_myofibroblast,macrophage,10,0.0088828810587639,0.0062047436061301,0.014947475366181,scGPT
scgpt,fibroblast_myofibroblast,recruited_monocyte_macrophage,10,0.0071592159270054,0.0043220078848959,0.0087955945153974,scGPT
scgpt,lymphoid,activated_Krt8_ADI_epithelial,10,0.0094541655170397,0.0078134991097192,0.0135904135314297,scGPT
scgpt,lymphoid,airway_epithelial,10,0.0058119164806391,0.0027980533649714,0.0078723622668525,scGPT
scgpt,lymphoid,alveolar_epithelial_AT1_AT2,10,0.0061424806924295,0.0030834020970679,0.0086659929222293,scGPT
scgpt,lymphoid,dendritic,10,0.0130606471144606,0.0110250323024591,0.0159130047997114,scGPT
scgpt,lymphoid,endothelial,10,0.0065026787410051,0.0038708851529652,0.0099655727234722,scGPT
scgpt,lymphoid,fibroblast_myofibroblast,10,0.0072800462383781,0.0035701688246783,0.0114512523335196,scGPT
scgpt,lymphoid,lymphoid,10,0.0181137732816377,0.0120544450025864,0.0254855941039157,scGPT
scgpt,lymphoid,macrophage,10,0.0104604913730192,0.0083167111150716,0.0141492982648109,scGPT
scgpt,lymphoid,recruited_monocyte_macrophage,10,0.0079140637136346,0.0051713661373519,0.0128155028002098,scGPT
scgpt,macrophage,activated_Krt8_ADI_epithelial,10,0.0093188407938008,0.0051976043989172,0.0117409654267988,scGPT
scgpt,macrophage,airway_epithelial,10,0.0056412169589601,0.0036374087529288,0.008846357771982,scGPT
scgpt,macrophage,alveolar_epithelial_AT1_AT2,10,0.0082650569705591,0.0051041081257681,0.0103183821245817,scGPT
scgpt,macrophage,dendritic,10,0.0108375098652471,0.0068667314700005,0.0137912651371143,scGPT
scgpt,macrophage,endothelial,10,0.0099559747737798,0.0088198257147177,0.0143789498993185,scGPT
scgpt,macrophage,fibroblast_myofibroblast,10,0.0078735882297686,0.0050658231784245,0.0125290772867009,scGPT
scgpt,macrophage,lymphoid,10,0.0106223247110386,0.0084197697572202,0.0155864909541172,scGPT
scgpt,macrophage,macrophage,10,0.0092960327020338,0.0068179641005336,0.0110668423464757,scGPT
scgpt,macrophage,recruited_monocyte_macrophage,10,0.0076593448360115,0.005198630043537,0.0104331143642999,scGPT
scgpt,recruited_monocyte_macrophage,activated_Krt8_ADI_epithelial,10,0.0089429620091087,0.0055397989171549,0.0105361445068945,scGPT
scgpt,recruited_monocyte_macrophage,airway_epithelial,10,0.007074833376404,0.004146908420434,0.0115189396896328,scGPT
scgpt,recruited_monocyte_macrophage,alveolar_epithelial_AT1_AT2,10,0.0121818382699363,0.0090690120089422,0.0151737677371916,scGPT
scgpt,recruited_monocyte_macrophage,dendritic,10,0.0092252171593204,0.0077220927718734,0.0110198180750216,scGPT
scgpt,recruited_monocyte_macrophage,endothelial,10,0.0133904950176194,0.0097643738602713,0.0168549130525392,scGPT
scgpt,recruited_monocyte_macrophage,fibroblast_myofibroblast,10,0.0058382476679813,0.0035323351596741,0.0074458351869315,scGPT
scgpt,recruited_monocyte_macrophage,lymphoid,10,0.0080913952470081,0.005811790139943,0.0124988217280691,scGPT
scgpt,recruited_monocyte_macrophage,macrophage,10,0.0074674933756906,0.0046982616872535,0.0099695186686867,scGPT
scgpt,recruited_monocyte_macrophage,recruited_monocyte_macrophage,10,0.0108061488904245,0.0070314831776329,0.0135051039999135,scGPT
worker,activated_Krt8_ADI_epithelial,activated_Krt8_ADI_epithelial,10,0.0191598361821359,0.0106979154008921,0.0237704803788754,Leca-AC
worker,activated_Krt8_ADI_epithelial,airway_epithelial,10,0.0065971829779088,0.0043147531908835,0.0088558463366575,Leca-AC
worker,activated_Krt8_ADI_epithelial,alveolar_epithelial_AT1_AT2,10,0.0074260822452699,0.0057793460897727,0.0112000993521372,Leca-AC
worker,activated_Krt8_ADI_epithelial,dendritic,10,0.0117101418816921,0.0089519110621841,0.0147094695043194,Leca-AC
worker,activated_Krt8_ADI_epithelial,endothelial,10,0.0132461914057578,0.0103695409097038,0.0188527793413564,Leca-AC
worker,activated_Krt8_ADI_epithelial,fibroblast_myofibroblast,10,0.0077007967591489,0.0054154963328097,0.0102330873722075,Leca-AC
worker,activated_Krt8_ADI_epithelial,lymphoid,10,0.0118541239948054,0.0091867000252511,0.0146346207050077,Leca-AC
worker,activated_Krt8_ADI_epithelial,macrophage,10,0.0152905225493734,0.0128950908227585,0.0195603007092334,Leca-AC
worker,activated_Krt8_ADI_epithelial,recruited_monocyte_macrophage,10,0.0202499325279456,0.0165094060028955,0.0236325346505577,Leca-AC
worker,airway_epithelial,activated_Krt8_ADI_epithelial,10,0.0085701174690491,0.0056164674636931,0.0109141327866711,Leca-AC
worker,airway_epithelial,airway_epithelial,10,0.0145642542743016,0.008937339177168,0.0181515005107501,Leca-AC
worker,airway_epithelial,alveolar_epithelial_AT1_AT2,10,0.0036169495698953,0.0027229247518645,0.0056381788993124,Leca-AC
worker,airway_epithelial,dendritic,10,0.0051481854994007,0.0041762848777674,0.0075010553368467,Leca-AC
worker,airway_epithelial,endothelial,10,0.006689890088323,0.0045671794451871,0.0097151841226366,Leca-AC
worker,airway_epithelial,fibroblast_myofibroblast,10,0.01028403054172,0.0089547592270598,0.0126798889098717,Leca-AC
worker,airway_epithelial,lymphoid,10,0.0061446623560495,0.0041771638769079,0.0087456785675378,Leca-AC
worker,airway_epithelial,macrophage,10,0.0038051980902549,0.0032213166198615,0.0046587494922755,Leca-AC
worker,airway_epithelial,recruited_monocyte_macrophage,10,0.0055943065638374,0.0029430616638074,0.007046093399898,Leca-AC
worker,alveolar_epithelial_AT1_AT2,activated_Krt8_ADI_epithelial,10,0.0076306206959269,0.0057709472172685,0.0112805622242575,Leca-AC
worker,alveolar_epithelial_AT1_AT2,airway_epithelial,10,0.002865537382654,0.0021130111170005,0.0044756304962176,Leca-AC
worker,alveolar_epithelial_AT1_AT2,alveolar_epithelial_AT1_AT2,10,0.0262589696793834,0.0211920079664827,0.0323525569163448,Leca-AC
worker,alveolar_epithelial_AT1_AT2,dendritic,10,0.0057360378760866,0.003597752793867,0.0101473575148929,Leca-AC
worker,alveolar_epithelial_AT1_AT2,endothelial,10,0.0284104983991254,0.021177493016717,0.037864262678509,Leca-AC
worker,alveolar_epithelial_AT1_AT2,fibroblast_myofibroblast,10,0.0057065661541257,0.001785888772469,0.0088866192814419,Leca-AC
worker,alveolar_epithelial_AT1_AT2,lymphoid,10,0.0076089394543913,0.004801875658281,0.0088805979054145,Leca-AC
worker,alveolar_epithelial_AT1_AT2,macrophage,10,0.0107053480264734,0.0089638334277088,0.0149895973887611,Leca-AC
worker,alveolar_epithelial_AT1_AT2,recruited_monocyte_macrophage,10,0.0174806966762155,0.0127923651199288,0.0215321839197354,Leca-AC
worker,dendritic,activated_Krt8_ADI_epithelial,10,0.0111588804393008,0.0081099719277219,0.0142946708103435,Leca-AC
worker,dendritic,airway_epithelial,10,0.0038398354364438,0.0029719656743819,0.0058257332995236,Leca-AC
worker,dendritic,alveolar_epithelial_AT1_AT2,10,0.0058457786444178,0.003912354659565,0.0097771968679678,Leca-AC
worker,dendritic,dendritic,10,0.0255617651304172,0.0195094028539901,0.0337643009580061,Leca-AC
worker,dendritic,endothelial,10,0.0136155856671332,0.0107927359968191,0.0174593316592649,Leca-AC
worker,dendritic,fibroblast_myofibroblast,10,0.0123214686561829,0.0100717982712784,0.0156292797181941,Leca-AC
worker,dendritic,lymphoid,10,0.0254991154508181,0.0230289285579502,0.0320151434887633,Leca-AC
worker,dendritic,macrophage,10,0.0197792274105711,0.0154895126095093,0.021866368489248,Leca-AC
worker,dendritic,recruited_monocyte_macrophage,10,0.0187728625006993,0.0151361404489285,0.022770163615325,Leca-AC
worker,endothelial,activated_Krt8_ADI_epithelial,10,0.0135670702106521,0.0109107864081485,0.0194443052670359,Leca-AC
worker,endothelial,airway_epithelial,10,0.004882915822312,0.0032246250866709,0.0072281157970167,Leca-AC
worker,endothelial,alveolar_epithelial_AT1_AT2,10,0.0278496197887548,0.0207139715480221,0.0371533004055503,Leca-AC
worker,endothelial,dendritic,10,0.0124505684216455,0.0101982800426295,0.0164889368482465,Leca-AC
worker,endothelial,endothelial,10,0.0233065522279441,0.0182321354362858,0.0378569572228502,Leca-AC
worker,endothelial,fibroblast_myofibroblast,10,0.0103611778979076,0.0068688056184431,0.0135666427062056,Leca-AC
worker,endothelial,lymphoid,10,0.0104570472257413,0.0088145262044531,0.0128979608613523,Leca-AC
worker,endothelial,macrophage,10,0.0136882865250199,0.0089512606572117,0.0165312400724212,Leca-AC
worker,endothelial,recruited_monocyte_macrophage,10,0.0172397886871524,0.013562223724011,0.0198750156137256,Leca-AC
worker,fibroblast_myofibroblast,activated_Krt8_ADI_epithelial,10,0.0106463007336877,0.0077902367133972,0.0146253945455351,Leca-AC
worker,fibroblast_myofibroblast,airway_epithelial,10,0.0099672128389972,0.0086899529541054,0.0123283671994314,Leca-AC
worker,fibroblast_myofibroblast,alveolar_epithelial_AT1_AT2,10,0.0075079801156855,0.0028745389407234,0.011344459215247,Leca-AC
worker,fibroblast_myofibroblast,dendritic,10,0.015278174685264,0.0130094939078629,0.0193986873670771,Leca-AC
worker,fibroblast_myofibroblast,endothelial,10,0.0145538746826416,0.0095858641951937,0.0188621670918805,Leca-AC
worker,fibroblast_myofibroblast,fibroblast_myofibroblast,10,0.0422772202339839,0.0371246472262212,0.0485533272211368,Leca-AC
worker,fibroblast_myofibroblast,lymphoid,10,0.0117682261448716,0.0094609469018128,0.0165255838887921,Leca-AC
worker,fibroblast_myofibroblast,macrophage,10,0.0139678883474457,0.0088168120281053,0.0161615667585913,Leca-AC
worker,fibroblast_myofibroblast,recruited_monocyte_macrophage,10,0.0104419516058503,0.0057812457988475,0.0119402120623028,Leca-AC
worker,lymphoid,activated_Krt8_ADI_epithelial,10,0.0097681246931197,0.0075308973353069,0.0116214623234318,Leca-AC
worker,lymphoid,airway_epithelial,10,0.0042696566483891,0.0029005196877666,0.0058834868007421,Leca-AC
worker,lymphoid,alveolar_epithelial_AT1_AT2,10,0.006443793565053,0.0038427721422617,0.0075366663819478,Leca-AC
worker,lymphoid,dendritic,10,0.0200287797130368,0.0179018011408839,0.025135584820749,Leca-AC
worker,lymphoid,endothelial,10,0.0101114766879031,0.0085390159567685,0.0126213813320524,Leca-AC
worker,lymphoid,fibroblast_myofibroblast,10,0.0084314288295402,0.0065040571549659,0.0120819666440115,Leca-AC
worker,lymphoid,lymphoid,10,0.0359115719545071,0.0322305537250912,0.0410571619835947,Leca-AC
worker,lymphoid,macrophage,10,0.0164330724169961,0.0123820088905279,0.0194357411742299,Leca-AC
worker,lymphoid,recruited_monocyte_macrophage,10,0.0135861248392548,0.0088627850070413,0.0180529557691973,Leca-AC
worker,macrophage,activated_Krt8_ADI_epithelial,10,0.0074122064746529,0.0054233348080641,0.0095602165814917,Leca-AC
worker,macrophage,airway_epithelial,10,0.0021441909042094,0.0016462145096159,0.0027267689551623,Leca-AC
worker,macrophage,alveolar_epithelial_AT1_AT2,10,0.0073379393940413,0.0058901760947991,0.0103214805829946,Leca-AC
worker,macrophage,dendritic,10,0.0121748662992548,0.0088811082594613,0.0134167042887314,Leca-AC
worker,macrophage,endothelial,10,0.0112533139047908,0.0073998564947173,0.0132390163359015,Leca-AC
worker,macrophage,fibroblast_myofibroblast,10,0.0087871127746045,0.0051191374643113,0.0101091674014909,Leca-AC
worker,macrophage,lymphoid,10,0.0119089977720378,0.0082120492566864,0.0139787539066635,Leca-AC
worker,macrophage,macrophage,10,0.0098040826528801,0.005813879144748,0.0133884831923328,Leca-AC
worker,macrophage,recruited_monocyte_macrophage,10,0.0089564106365524,0.005230986137083,0.0110044539545009,Leca-AC
worker,recruited_monocyte_macrophage,activated_Krt8_ADI_epithelial,10,0.0107622210403089,0.0088180490625265,0.0133180790011845,Leca-AC
worker,recruited_monocyte_macrophage,airway_epithelial,10,0.0036765797307858,0.001672237304721,0.0048369756324239,Leca-AC
worker,recruited_monocyte_macrophage,alveolar_epithelial_AT1_AT2,10,0.013187449202502,0.0095276282487659,0.0161194491551606,Leca-AC
worker,recruited_monocyte_macrophage,dendritic,10,0.0125130904389392,0.0095660918654062,0.0157000231484495,Leca-AC
worker,recruited_monocyte_macrophage,endothelial,10,0.0146848414013325,0.0117429510714981,0.0175237087093685,Leca-AC
worker,recruited_monocyte_macrophage,fibroblast_myofibroblast,10,0.0068351133145572,0.0034629106142813,0.0080019577081034,Leca-AC
worker,recruited_monocyte_macrophage,lymphoid,10,0.0103709406759058,0.0067643880379839,0.0135645913377687,Leca-AC
worker,recruited_monocyte_macrophage,macrophage,10,0.0087513828196786,0.0052026066388441,0.0106503000668813,Leca-AC
worker,recruited_monocyte_macrophage,recruited_monocyte_macrophage,10,0.014179436732347,0.0087148694518915,0.0213463464483606,Leca-AC
wot_external,activated_Krt8_ADI_epithelial,activated_Krt8_ADI_epithelial,10,0.0236580428508775,0.0182856876472877,0.0346908109776351,WOT
wot_external,activated_Krt8_ADI_epithelial,airway_epithelial,10,0.0130517603063231,0.0091867171438158,0.0168867489589994,WOT
wot_external,activated_Krt8_ADI_epithelial,alveolar_epithelial_AT1_AT2,10,0.0099931243464125,0.0077428173394078,0.0125140635141221,WOT
wot_external,activated_Krt8_ADI_epithelial,dendritic,10,0.0106946181226069,0.0083422942610802,0.0139409144608932,WOT
wot_external,activated_Krt8_ADI_epithelial,endothelial,10,0.0150597410452652,0.0128495875120461,0.0188064397909103,WOT
wot_external,activated_Krt8_ADI_epithelial,fibroblast_myofibroblast,10,0.0111358887697303,0.0086064037950965,0.0146462548067191,WOT
wot_external,activated_Krt8_ADI_epithelial,lymphoid,10,0.0105838854655752,0.0074797686955553,0.0145912342160981,WOT
wot_external,activated_Krt8_ADI_epithelial,macrophage,10,0.0108643627984288,0.0057162458108715,0.0137984409496819,WOT
wot_external,activated_Krt8_ADI_epithelial,recruited_monocyte_macrophage,10,0.0100030784547529,0.0068916038488446,0.0124181365545621,WOT
wot_external,airway_epithelial,activated_Krt8_ADI_epithelial,10,0.0142512067629049,0.0105123247921463,0.0174739815927638,WOT
wot_external,airway_epithelial,airway_epithelial,10,0.0357688615118851,0.0309872977839259,0.0422013250095766,WOT
wot_external,airway_epithelial,alveolar_epithelial_AT1_AT2,10,0.0066393632540889,0.0050688737770181,0.0093602385801591,WOT
wot_external,airway_epithelial,dendritic,10,0.0050241800430889,0.0040256276860576,0.0089100757365984,WOT
wot_external,airway_epithelial,endothelial,10,0.0071564286411668,0.0042514421986586,0.0092082789556549,WOT
wot_external,airway_epithelial,fibroblast_myofibroblast,10,0.0167286705609133,0.0136111129775177,0.0233341372337537,WOT
wot_external,airway_epithelial,lymphoid,10,0.0057753099341655,0.0028612905221095,0.0100229101618845,WOT
wot_external,airway_epithelial,macrophage,10,0.006909077723362,0.0036189721439639,0.011161780651066,WOT
wot_external,airway_epithelial,recruited_monocyte_macrophage,10,0.0074546042320463,0.005562233013575,0.0126459058523485,WOT
wot_external,alveolar_epithelial_AT1_AT2,activated_Krt8_ADI_epithelial,10,0.0102818093861451,0.006104040368813,0.0121819649877936,WOT
wot_external,alveolar_epithelial_AT1_AT2,airway_epithelial,10,0.006163124911366,0.0043190089080822,0.0099540708341081,WOT
wot_external,alveolar_epithelial_AT1_AT2,alveolar_epithelial_AT1_AT2,10,0.0330865276736997,0.0256583437043182,0.0372927982331965,WOT
wot_external,alveolar_epithelial_AT1_AT2,dendritic,10,0.0066262919386634,0.003006907367414,0.0094912765731567,WOT
wot_external,alveolar_epithelial_AT1_AT2,endothelial,10,0.0249720298072021,0.0191450023953681,0.0327718998120075,WOT
wot_external,alveolar_epithelial_AT1_AT2,fibroblast_myofibroblast,10,0.0057558477194804,0.0020904624511624,0.0119287381475519,WOT
wot_external,alveolar_epithelial_AT1_AT2,lymphoid,10,0.0081480195383734,0.0037512956817571,0.0108109421348507,WOT
wot_external,alveolar_epithelial_AT1_AT2,macrophage,10,0.0084113818875917,0.0060616261881429,0.0120896962507041,WOT
wot_external,alveolar_epithelial_AT1_AT2,recruited_monocyte_macrophage,10,0.0179948814286833,0.01465621421624,0.0220710975460759,WOT
wot_external,dendritic,activated_Krt8_ADI_epithelial,10,0.0098580449434018,0.0077355700332156,0.0135627066544276,WOT
wot_external,dendritic,airway_epithelial,10,0.0042576872846635,0.0027862489809399,0.0073313207581585,WOT
wot_external,dendritic,alveolar_epithelial_AT1_AT2,10,0.0059625423097936,0.0031737854159925,0.0085013540505635,WOT
wot_external,dendritic,dendritic,10,0.0193298551274132,0.0159323319064144,0.0234967310232218,WOT
wot_external,dendritic,endothelial,10,0.0078716909925427,0.0055629702579986,0.0114405628952362,WOT
wot_external,dendritic,fibroblast_myofibroblast,10,0.0094475239063097,0.0072377345292682,0.0121886523746396,WOT
wot_external,dendritic,lymphoid,10,0.0154526556989124,0.0131509026006509,0.0187269212700827,WOT
wot_external,dendritic,macrophage,10,0.0135841585325348,0.0089576406729904,0.0164793727644263,WOT
wot_external,dendritic,recruited_monocyte_macrophage,10,0.0102134531480582,0.0086296887913544,0.0117348768957887,WOT
wot_external,endothelial,activated_Krt8_ADI_epithelial,10,0.0140671266087771,0.0125232519803176,0.0188485196325094,WOT
wot_external,endothelial,airway_epithelial,10,0.0062834580099686,0.0044625379759682,0.0102623338319231,WOT
wot_external,endothelial,alveolar_epithelial_AT1_AT2,10,0.0254229258147475,0.0180973061787166,0.0333096625850259,WOT
wot_external,endothelial,dendritic,10,0.0088446421153287,0.006465660159842,0.0124050462512045,WOT
wot_external,endothelial,endothelial,10,0.0211590771683203,0.0132671051029962,0.0350060754936139,WOT
wot_external,endothelial,fibroblast_myofibroblast,10,0.0120037853871088,0.0103219141571375,0.0178722152972545,WOT
wot_external,endothelial,lymphoid,10,0.0079584230382748,0.0061482931540227,0.0138281308807906,WOT
wot_external,endothelial,macrophage,10,0.0131874511299171,0.0104584406644179,0.0158320361071655,WOT
wot_external,endothelial,recruited_monocyte_macrophage,10,0.0186286515713866,0.0136089912813033,0.0224769521114358,WOT
wot_external,fibroblast_myofibroblast,activated_Krt8_ADI_epithelial,10,0.0119012754288998,0.0084051198327232,0.0140735078117913,WOT
wot_external,fibroblast_myofibroblast,airway_epithelial,10,0.0167570462918443,0.0143936757301864,0.0230801846215248,WOT
wot_external,fibroblast_myofibroblast,alveolar_epithelial_AT1_AT2,10,0.0065078780520235,0.0025986235129321,0.0128150065764059,WOT
wot_external,fibroblast_myofibroblast,dendritic,10,0.0106483247621083,0.007790289635562,0.013988306981873,WOT
wot_external,fibroblast_myofibroblast,endothelial,10,0.0119334463281616,0.0096226496350686,0.0177233651350479,WOT
wot_external,fibroblast_myofibroblast,fibroblast_myofibroblast,10,0.0509945544281816,0.0414085219344517,0.0586875537114922,WOT
wot_external,fibroblast_myofibroblast,lymphoid,10,0.0093720414247209,0.005413322171545,0.0138796293037188,WOT
wot_external,fibroblast_myofibroblast,macrophage,10,0.0108240652313417,0.0078979667201736,0.0207500735397353,WOT
wot_external,fibroblast_myofibroblast,recruited_monocyte_macrophage,10,0.0074747543080989,0.0045590112031113,0.0092723718240151,WOT
wot_external,lymphoid,activated_Krt8_ADI_epithelial,10,0.0107888312847022,0.0070154344117466,0.0128640772028647,WOT
wot_external,lymphoid,airway_epithelial,10,0.0055576925924384,0.0022807501657595,0.0085543385800326,WOT
wot_external,lymphoid,alveolar_epithelial_AT1_AT2,10,0.0074146440600007,0.0028154730799343,0.0102937595950289,WOT
wot_external,lymphoid,dendritic,10,0.0162743755287834,0.0131363384885847,0.0193134857542056,WOT
wot_external,lymphoid,endothelial,10,0.0084981686078215,0.0053173372485332,0.0141741434829372,WOT
wot_external,lymphoid,fibroblast_myofibroblast,10,0.0083260818106186,0.0056048681995533,0.0121511984604098,WOT
wot_external,lymphoid,lymphoid,10,0.0208301788073304,0.014307383217874,0.029810334028991,WOT
wot_external,lymphoid,macrophage,10,0.011935823063188,0.0100213521518684,0.0167167247800462,WOT
wot_external,lymphoid,recruited_monocyte_macrophage,10,0.0111535524007659,0.0065354048604859,0.0167954113640035,WOT
wot_external,macrophage,activated_Krt8_ADI_epithelial,10,0.0091480993184793,0.0052366486017576,0.0119296487112845,WOT
wot_external,macrophage,airway_epithelial,10,0.0054783248004381,0.0034227520834837,0.0099963556526794,WOT
wot_external,macrophage,alveolar_epithelial_AT1_AT2,10,0.0079876732751553,0.0049972249553883,0.0110541542867509,WOT
wot_external,macrophage,dendritic,10,0.0132211384947815,0.0087501919415893,0.0147456670672094,WOT
wot_external,macrophage,endothelial,10,0.0117301885751282,0.0085145413465925,0.0154867398734704,WOT
wot_external,macrophage,fibroblast_myofibroblast,10,0.0081098236093309,0.0061924787199544,0.0175299950640773,WOT
wot_external,macrophage,lymphoid,10,0.010551249749883,0.009469001803924,0.0151951843599,WOT
wot_external,macrophage,macrophage,10,0.0103326604992964,0.0075270971972842,0.0123869135595876,WOT
wot_external,macrophage,recruited_monocyte_macrophage,10,0.0086689590826393,0.0060484518193702,0.0120043550846638,WOT
wot_external,recruited_monocyte_macrophage,activated_Krt8_ADI_epithelial,10,0.0090953529604551,0.0063993774221995,0.0114531220858544,WOT
wot_external,recruited_monocyte_macrophage,airway_epithelial,10,0.0064166453853298,0.0047459424522972,0.0112244923050869,WOT
wot_external,recruited_monocyte_macrophage,alveolar_epithelial_AT1_AT2,10,0.0174620475622491,0.0141010322327577,0.0198251254119266,WOT
wot_external,recruited_monocyte_macrophage,dendritic,10,0.0112173290324682,0.0093608496144536,0.0122601521757488,WOT
wot_external,recruited_monocyte_macrophage,endothelial,10,0.0183248656205053,0.0128909723537607,0.0216695950985743,WOT
wot_external,recruited_monocyte_macrophage,fibroblast_myofibroblast,10,0.0064175595050677,0.0040619188496142,0.0093136055366121,WOT
wot_external,recruited_monocyte_macrophage,lymphoid,10,0.0110938827637854,0.0066721207778325,0.0156456691664843,WOT
wot_external,recruited_monocyte_macrophage,macrophage,10,0.0093024755261967,0.0071692351445045,0.0133944541687364,WOT
wot_external,recruited_monocyte_macrophage,recruited_monocyte_macrophage,10,0.0144314340883866,0.010565035509727,0.0209429741909545,WOT
