source_method_id,method,metric,n,median,q1,q3,minimum,maximum
cellrank_proxy,CellRank,cell_type_local_mean_absolute_error,10,0.0040563518115462,0.0039987228341371,0.0043022222231677,0.0038956526887606,0.0045810472016329
cellrank_proxy,CellRank,edge_spearman_81,10,0.5135614272809395,0.5025519421860885,0.5605126467931346,0.4658310749774165,0.5826784101174346
cellrank_proxy,CellRank,five_pathway_flow_js_similarity,10,0.9427971347549634,0.9412674722700188,0.9442457839928124,0.9381396157780212,0.9485499816238284
cellrank_proxy,CellRank,informative_edge_spearman,10,0.5135614272809395,0.5025519421860885,0.5605126467931346,0.4658310749774165,0.5826784101174346
cellrank_proxy,CellRank,pathway_allocation_mean_absolute_error,10,0.1263834945125771,0.1241537368300578,0.1274538233251453,0.1198839027102781,0.1313964308559855
cellrank_proxy,CellRank,sender_receiver_role_mean_spearman,10,0.0475,-0.0266666666666666,0.0912499999999999,-0.1666666666666666,0.1433333333333333
scgen,scGen,cell_type_local_mean_absolute_error,10,0.0040003193273039,0.0039534608964687,0.0040618197335859,0.0036909712092686,0.0044681747944001
scgen,scGen,edge_spearman_81,10,0.5451106594399278,0.5326332429990965,0.5943428184281843,0.4967028003613369,0.6205736224028906
scgen,scGen,five_pathway_flow_js_similarity,10,0.9206528899660888,0.9177585243139708,0.921583574684896,0.9143393813204496,0.9281700394201708
scgen,scGen,informative_edge_spearman,10,0.5451106594399278,0.5326332429990965,0.5943428184281843,0.4967028003613369,0.6205736224028906
scgen,scGen,pathway_allocation_mean_absolute_error,10,0.135329297161395,0.1335795897630846,0.1364625034137225,0.1278134695339963,0.1408018408366696
scgen,scGen,sender_receiver_role_mean_spearman,10,0.1716666666666666,0.0966666666666666,0.2366666666666666,0.0166666666666666,0.2833333333333333
scgpt,scGPT,cell_type_local_mean_absolute_error,10,0.0053007239551634,0.0050995607906879,0.0054281213741016,0.0048936797736807,0.0059104314673241
scgpt,scGPT,edge_spearman_81,10,0.3645212285456187,0.3188403342366756,0.3876524390243901,0.3120144534778681,0.4576332429990967
scgpt,scGPT,five_pathway_flow_js_similarity,10,0.9370921539638114,0.9354476504763184,0.9388377025581848,0.9302026812760232,0.9409863363139848
scgpt,scGPT,informative_edge_spearman,10,0.3645212285456187,0.3188403342366756,0.3876524390243901,0.3120144534778681,0.4576332429990967
scgpt,scGPT,pathway_allocation_mean_absolute_error,10,0.1294028066901112,0.1270262955698742,0.1307978330144517,0.1240970278292295,0.1369401563415929
scgpt,scGPT,sender_receiver_role_mean_spearman,10,-0.1574999999999999,-0.2108333333333332,-0.0924999999999999,-0.275,-0.0116666666666666
worker_lrra,Leca-VC,cell_type_local_mean_absolute_error,10,0.0042591206882725,0.0040453742872242,0.0043706893625382,0.0032846315145397,0.0045973729177156
worker_lrra,Leca-VC,edge_spearman_81,10,0.5640018066847334,0.5149220867208673,0.5969060523938573,0.4353432700993677,0.6133242999096657
worker_lrra,Leca-VC,five_pathway_flow_js_similarity,10,0.9709662162715404,0.970488930204624,0.9721709425324468,0.969464734915932,0.9734625765783468
worker_lrra,Leca-VC,informative_edge_spearman,10,0.5640018066847334,0.5149220867208673,0.5969060523938573,0.4353432700993677,0.6133242999096657
worker_lrra,Leca-VC,pathway_allocation_mean_absolute_error,10,0.0823218161692602,0.0804994889013207,0.0832848886749278,0.0790923818308102,0.0857448424048386
worker_lrra,Leca-VC,sender_receiver_role_mean_spearman,10,0.3183333333333333,0.2987499999999999,0.35375,0.215,0.3816666666666666
