source_method_id,response,method,method_label,metric,point_estimate,bootstrap_mean,ci95_low,ci95_high,bootstrap_iterations,bootstrap_seed,bootstrap_unit,virtual_resampling,observed_resampling,high_expression_gene_set
scGen,Responder,scGen,scGen,RMSE,0.5249096494218584,0.5361533061643216,0.3959314162171521,0.7034296641027119,1000,120575834,sample/biopsy,3 source samples with replacement within response,5 Post biopsies with replacement within response,fixed top Observed-expression rank decile from point-estimate group mean
scGen,Responder,scGen,scGen,Pearson,0.8777835146354162,0.8437731251851435,0.7627580575616139,0.8869821470999687,1000,120575834,sample/biopsy,3 source samples with replacement within response,5 Post biopsies with replacement within response,fixed top Observed-expression rank decile from point-estimate group mean
CellRank_terminal_proxy,Responder,CellRank,CellRank†,RMSE,0.4497448946171219,0.4609393361112958,0.4077297771821863,0.5196142666760765,1000,120575834,sample/biopsy,3 source samples with replacement within response,5 Post biopsies with replacement within response,fixed top Observed-expression rank decile from point-estimate group mean
CellRank_terminal_proxy,Responder,CellRank,CellRank†,Pearson,0.3982952432376893,0.3896086345429323,0.2679335303094632,0.5161862247205086,1000,120575834,sample/biopsy,3 source samples with replacement within response,5 Post biopsies with replacement within response,fixed top Observed-expression rank decile from point-estimate group mean
AgentVC_proxy,Responder,Leca-VC,AgentVC,RMSE,0.1633865242932795,0.2169576596795279,0.1633865242932795,0.2974939056989713,1000,120575834,sample/biopsy,3 source samples with replacement within response,5 Post biopsies with replacement within response,fixed top Observed-expression rank decile from point-estimate group mean
AgentVC_proxy,Responder,Leca-VC,AgentVC,Pearson,0.8860428129721285,0.8373697010423601,0.7500831873137507,0.8891917761431765,1000,120575834,sample/biopsy,3 source samples with replacement within response,5 Post biopsies with replacement within response,fixed top Observed-expression rank decile from point-estimate group mean
scGen,Non-responder,scGen,scGen,RMSE,0.4198679421693089,0.4312809786121472,0.3249480840218601,0.6194221071554584,1000,120575834,sample/biopsy,3 source samples with replacement within response,18 Post biopsies with replacement within response,fixed top Observed-expression rank decile from point-estimate group mean
scGen,Non-responder,scGen,scGen,Pearson,0.8765951668265275,0.8656406587392387,0.8174194604976596,0.902064178795498,1000,120575834,sample/biopsy,3 source samples with replacement within response,18 Post biopsies with replacement within response,fixed top Observed-expression rank decile from point-estimate group mean
CellRank_terminal_proxy,Non-responder,CellRank,CellRank†,RMSE,0.4789338453784361,0.480990748100903,0.4559769088411117,0.5038785788735621,1000,120575834,sample/biopsy,3 source samples with replacement within response,18 Post biopsies with replacement within response,fixed top Observed-expression rank decile from point-estimate group mean
CellRank_terminal_proxy,Non-responder,CellRank,CellRank†,Pearson,0.3289066800635839,0.3268660367777926,0.2706664995336701,0.3813423332023429,1000,120575834,sample/biopsy,3 source samples with replacement within response,18 Post biopsies with replacement within response,fixed top Observed-expression rank decile from point-estimate group mean
AgentVC_proxy,Non-responder,Leca-VC,AgentVC,RMSE,0.0949059654856118,0.1410549468569751,0.095488123637484,0.2232635690326732,1000,120575834,sample/biopsy,3 source samples with replacement within response,18 Post biopsies with replacement within response,fixed top Observed-expression rank decile from point-estimate group mean
AgentVC_proxy,Non-responder,Leca-VC,AgentVC,Pearson,0.959486676464408,0.9178313418586296,0.8358866805222619,0.9586816370467792,1000,120575834,sample/biopsy,3 source samples with replacement within response,18 Post biopsies with replacement within response,fixed top Observed-expression rank decile from point-estimate group mean
