source_method_id,response,method,method_label,method_semantics,metric,value,n_virtual_source_samples,n_observed_post_biopsies,gene_count,expression_scale
scGen,Responder,scGen,scGen,generated_expression_baseline,RMSE,0.5249096494218584,3,5,834,log1p(sample-level pseudo-bulk TPM-like expression)
scGen,Responder,scGen,scGen,generated_expression_baseline,MAE,0.497819800137648,3,5,834,log1p(sample-level pseudo-bulk TPM-like expression)
scGen,Responder,scGen,scGen,generated_expression_baseline,CCC,0.4171404202825748,3,5,834,log1p(sample-level pseudo-bulk TPM-like expression)
scGen,Responder,scGen,scGen,generated_expression_baseline,Pearson,0.8777835146354162,3,5,834,log1p(sample-level pseudo-bulk TPM-like expression)
scGen,Responder,scGen,scGen,generated_expression_baseline,Spearman,0.8704235409754303,3,5,834,log1p(sample-level pseudo-bulk TPM-like expression)
scGen,Responder,scGen,scGen,generated_expression_baseline,mean_signed_bias,-0.497610105079096,3,5,834,log1p(sample-level pseudo-bulk TPM-like expression)
scGen,Responder,scGen,scGen,generated_expression_baseline,high_expression_gene_bias,-0.5548897412347026,3,5,834,log1p(sample-level pseudo-bulk TPM-like expression)
CellRank_terminal_proxy,Responder,CellRank,CellRank†,pre_only_fate_weighted_terminal_state_expression_proxy,RMSE,0.4497448946171219,3,5,834,log1p(sample-level pseudo-bulk TPM-like expression)
CellRank_terminal_proxy,Responder,CellRank,CellRank†,pre_only_fate_weighted_terminal_state_expression_proxy,MAE,0.3128131463781091,3,5,834,log1p(sample-level pseudo-bulk TPM-like expression)
CellRank_terminal_proxy,Responder,CellRank,CellRank†,pre_only_fate_weighted_terminal_state_expression_proxy,CCC,0.3830741121867647,3,5,834,log1p(sample-level pseudo-bulk TPM-like expression)
CellRank_terminal_proxy,Responder,CellRank,CellRank†,pre_only_fate_weighted_terminal_state_expression_proxy,Pearson,0.3982952432376893,3,5,834,log1p(sample-level pseudo-bulk TPM-like expression)
CellRank_terminal_proxy,Responder,CellRank,CellRank†,pre_only_fate_weighted_terminal_state_expression_proxy,Spearman,0.4650586923792122,3,5,834,log1p(sample-level pseudo-bulk TPM-like expression)
CellRank_terminal_proxy,Responder,CellRank,CellRank†,pre_only_fate_weighted_terminal_state_expression_proxy,mean_signed_bias,0.0226156188707114,3,5,834,log1p(sample-level pseudo-bulk TPM-like expression)
CellRank_terminal_proxy,Responder,CellRank,CellRank†,pre_only_fate_weighted_terminal_state_expression_proxy,high_expression_gene_bias,-0.1539760563476933,3,5,834,log1p(sample-level pseudo-bulk TPM-like expression)
AgentVC_proxy,Responder,Leca-VC,AgentVC,offline_reconstructed_runtime_expression_proxy,RMSE,0.1633865242932795,3,5,834,log1p(sample-level pseudo-bulk TPM-like expression)
AgentVC_proxy,Responder,Leca-VC,AgentVC,offline_reconstructed_runtime_expression_proxy,MAE,0.1217558317615057,3,5,834,log1p(sample-level pseudo-bulk TPM-like expression)
AgentVC_proxy,Responder,Leca-VC,AgentVC,offline_reconstructed_runtime_expression_proxy,CCC,0.8857663369775953,3,5,834,log1p(sample-level pseudo-bulk TPM-like expression)
AgentVC_proxy,Responder,Leca-VC,AgentVC,offline_reconstructed_runtime_expression_proxy,Pearson,0.8860428129721285,3,5,834,log1p(sample-level pseudo-bulk TPM-like expression)
AgentVC_proxy,Responder,Leca-VC,AgentVC,offline_reconstructed_runtime_expression_proxy,Spearman,0.8840002153448292,3,5,834,log1p(sample-level pseudo-bulk TPM-like expression)
AgentVC_proxy,Responder,Leca-VC,AgentVC,offline_reconstructed_runtime_expression_proxy,mean_signed_bias,0.0011688191046104,3,5,834,log1p(sample-level pseudo-bulk TPM-like expression)
AgentVC_proxy,Responder,Leca-VC,AgentVC,offline_reconstructed_runtime_expression_proxy,high_expression_gene_bias,-0.0526193468757107,3,5,834,log1p(sample-level pseudo-bulk TPM-like expression)
scGen,Non-responder,scGen,scGen,generated_expression_baseline,RMSE,0.4198679421693089,3,18,834,log1p(sample-level pseudo-bulk TPM-like expression)
scGen,Non-responder,scGen,scGen,generated_expression_baseline,MAE,0.3854014574551235,3,18,834,log1p(sample-level pseudo-bulk TPM-like expression)
scGen,Non-responder,scGen,scGen,generated_expression_baseline,CCC,0.5242561056080112,3,18,834,log1p(sample-level pseudo-bulk TPM-like expression)
scGen,Non-responder,scGen,scGen,generated_expression_baseline,Pearson,0.8765951668265275,3,18,834,log1p(sample-level pseudo-bulk TPM-like expression)
scGen,Non-responder,scGen,scGen,generated_expression_baseline,Spearman,0.8676572804626956,3,18,834,log1p(sample-level pseudo-bulk TPM-like expression)
scGen,Non-responder,scGen,scGen,generated_expression_baseline,mean_signed_bias,-0.382859035157468,3,18,834,log1p(sample-level pseudo-bulk TPM-like expression)
scGen,Non-responder,scGen,scGen,generated_expression_baseline,high_expression_gene_bias,-0.376530703312856,3,18,834,log1p(sample-level pseudo-bulk TPM-like expression)
CellRank_terminal_proxy,Non-responder,CellRank,CellRank†,pre_only_fate_weighted_terminal_state_expression_proxy,RMSE,0.4789338453784361,3,18,834,log1p(sample-level pseudo-bulk TPM-like expression)
CellRank_terminal_proxy,Non-responder,CellRank,CellRank†,pre_only_fate_weighted_terminal_state_expression_proxy,MAE,0.3217791614785546,3,18,834,log1p(sample-level pseudo-bulk TPM-like expression)
CellRank_terminal_proxy,Non-responder,CellRank,CellRank†,pre_only_fate_weighted_terminal_state_expression_proxy,CCC,0.2904923656064451,3,18,834,log1p(sample-level pseudo-bulk TPM-like expression)
CellRank_terminal_proxy,Non-responder,CellRank,CellRank†,pre_only_fate_weighted_terminal_state_expression_proxy,Pearson,0.3289066800635839,3,18,834,log1p(sample-level pseudo-bulk TPM-like expression)
CellRank_terminal_proxy,Non-responder,CellRank,CellRank†,pre_only_fate_weighted_terminal_state_expression_proxy,Spearman,0.4123108959221147,3,18,834,log1p(sample-level pseudo-bulk TPM-like expression)
CellRank_terminal_proxy,Non-responder,CellRank,CellRank†,pre_only_fate_weighted_terminal_state_expression_proxy,mean_signed_bias,-0.1212446701991219,3,18,834,log1p(sample-level pseudo-bulk TPM-like expression)
CellRank_terminal_proxy,Non-responder,CellRank,CellRank†,pre_only_fate_weighted_terminal_state_expression_proxy,high_expression_gene_bias,-0.3078066770896442,3,18,834,log1p(sample-level pseudo-bulk TPM-like expression)
AgentVC_proxy,Non-responder,Leca-VC,AgentVC,offline_reconstructed_runtime_expression_proxy,RMSE,0.0949059654856118,3,18,834,log1p(sample-level pseudo-bulk TPM-like expression)
AgentVC_proxy,Non-responder,Leca-VC,AgentVC,offline_reconstructed_runtime_expression_proxy,MAE,0.0733621920164601,3,18,834,log1p(sample-level pseudo-bulk TPM-like expression)
AgentVC_proxy,Non-responder,Leca-VC,AgentVC,offline_reconstructed_runtime_expression_proxy,CCC,0.9545737820272164,3,18,834,log1p(sample-level pseudo-bulk TPM-like expression)
AgentVC_proxy,Non-responder,Leca-VC,AgentVC,offline_reconstructed_runtime_expression_proxy,Pearson,0.959486676464408,3,18,834,log1p(sample-level pseudo-bulk TPM-like expression)
AgentVC_proxy,Non-responder,Leca-VC,AgentVC,offline_reconstructed_runtime_expression_proxy,Spearman,0.9600161125924545,3,18,834,log1p(sample-level pseudo-bulk TPM-like expression)
AgentVC_proxy,Non-responder,Leca-VC,AgentVC,offline_reconstructed_runtime_expression_proxy,mean_signed_bias,-0.0304940747911391,3,18,834,log1p(sample-level pseudo-bulk TPM-like expression)
AgentVC_proxy,Non-responder,Leca-VC,AgentVC,offline_reconstructed_runtime_expression_proxy,high_expression_gene_bias,-0.0374890090370112,3,18,834,log1p(sample-level pseudo-bulk TPM-like expression)
