source_method_id,response,method,method_label,observed_expression_decile,decile_label,gene_count,observed_mean_expression,mean_post_expression,sem_across_genes,decile_definition
Observed_Post,Responder,Observed,Observed,1,D1,84,0.7932003202276011,0.7932003202276011,0.0112781881699441,rank-based decile defined only by Observed Post group-mean expression
Observed_Post,Responder,Observed,Observed,2,D2,84,0.974740296171855,0.974740296171855,0.0042670403488275,rank-based decile defined only by Observed Post group-mean expression
Observed_Post,Responder,Observed,Observed,3,D3,84,1.0912488560653195,1.0912488560653195,0.0030717926334669,rank-based decile defined only by Observed Post group-mean expression
Observed_Post,Responder,Observed,Observed,4,D4,84,1.1915591686122589,1.1915591686122589,0.0034167942793156,rank-based decile defined only by Observed Post group-mean expression
Observed_Post,Responder,Observed,Observed,5,D5,83,1.2791506308729066,1.2791506308729066,0.0027018824357639,rank-based decile defined only by Observed Post group-mean expression
Observed_Post,Responder,Observed,Observed,6,D6,83,1.370763054752398,1.370763054752398,0.0030187100717603,rank-based decile defined only by Observed Post group-mean expression
Observed_Post,Responder,Observed,Observed,7,D7,83,1.481413254905006,1.481413254905006,0.0035986242118806,rank-based decile defined only by Observed Post group-mean expression
Observed_Post,Responder,Observed,Observed,8,D8,83,1.6013794344838106,1.6013794344838106,0.0039260001135745,rank-based decile defined only by Observed Post group-mean expression
Observed_Post,Responder,Observed,Observed,9,D9,83,1.7241612682259426,1.7241612682259426,0.004714090168562,rank-based decile defined only by Observed Post group-mean expression
Observed_Post,Responder,Observed,Observed,10,D10,83,1.974548437659789,1.974548437659789,0.0149568529559164,rank-based decile defined only by Observed Post group-mean expression
scGen,Responder,scGen,scGen,1,D1,84,0.7932003202276011,0.4559706443249627,0.0142771452493224,rank-based decile defined only by Observed Post group-mean expression
scGen,Responder,scGen,scGen,2,D2,84,0.974740296171855,0.5235447717932115,0.0155216717979755,rank-based decile defined only by Observed Post group-mean expression
scGen,Responder,scGen,scGen,3,D3,84,1.0912488560653195,0.6361194005684633,0.0150769260815943,rank-based decile defined only by Observed Post group-mean expression
scGen,Responder,scGen,scGen,4,D4,84,1.1915591686122589,0.7111569126101249,0.0165693882330314,rank-based decile defined only by Observed Post group-mean expression
scGen,Responder,scGen,scGen,5,D5,83,1.2791506308729066,0.7750592697092227,0.0162547254908477,rank-based decile defined only by Observed Post group-mean expression
scGen,Responder,scGen,scGen,6,D6,83,1.370763054752398,0.818986671985493,0.0171973601518665,rank-based decile defined only by Observed Post group-mean expression
scGen,Responder,scGen,scGen,7,D7,83,1.481413254905006,0.94676991569719,0.0183101774259515,rank-based decile defined only by Observed Post group-mean expression
scGen,Responder,scGen,scGen,8,D8,83,1.6013794344838106,1.0529696935823003,0.0211436417043363,rank-based decile defined only by Observed Post group-mean expression
scGen,Responder,scGen,scGen,9,D9,83,1.7241612682259426,1.1626170498087152,0.0173376642517314,rank-based decile defined only by Observed Post group-mean expression
scGen,Responder,scGen,scGen,10,D10,83,1.974548437659789,1.4196586964250868,0.020478605551589,rank-based decile defined only by Observed Post group-mean expression
CellRank_terminal_proxy,Responder,CellRank,CellRank†,1,D1,84,0.7932003202276011,1.2005485586717808,0.0483586582791621,rank-based decile defined only by Observed Post group-mean expression
CellRank_terminal_proxy,Responder,CellRank,CellRank†,2,D2,84,0.974740296171855,1.1225229475181766,0.0433667378198275,rank-based decile defined only by Observed Post group-mean expression
CellRank_terminal_proxy,Responder,CellRank,CellRank†,3,D3,84,1.0912488560653195,1.1976268760720103,0.0385802770047043,rank-based decile defined only by Observed Post group-mean expression
CellRank_terminal_proxy,Responder,CellRank,CellRank†,4,D4,84,1.1915591686122589,1.338640718426266,0.0337461490933117,rank-based decile defined only by Observed Post group-mean expression
CellRank_terminal_proxy,Responder,CellRank,CellRank†,5,D5,83,1.2791506308729066,1.2804968384410838,0.0484800652609552,rank-based decile defined only by Observed Post group-mean expression
CellRank_terminal_proxy,Responder,CellRank,CellRank†,6,D6,83,1.370763054752398,1.360505223961119,0.0411210650328893,rank-based decile defined only by Observed Post group-mean expression
CellRank_terminal_proxy,Responder,CellRank,CellRank†,7,D7,83,1.481413254905006,1.382767662129188,0.0472907752781581,rank-based decile defined only by Observed Post group-mean expression
CellRank_terminal_proxy,Responder,CellRank,CellRank†,8,D8,83,1.6013794344838106,1.414441252301925,0.0458454886899963,rank-based decile defined only by Observed Post group-mean expression
CellRank_terminal_proxy,Responder,CellRank,CellRank†,9,D9,83,1.7241612682259426,1.581546307463269,0.0533465669350859,rank-based decile defined only by Observed Post group-mean expression
CellRank_terminal_proxy,Responder,CellRank,CellRank†,10,D10,83,1.974548437659789,1.8205723813120964,0.0506703345326673,rank-based decile defined only by Observed Post group-mean expression
AgentVC_proxy,Responder,Leca-VC,AgentVC,1,D1,84,0.7932003202276011,0.8990469264828311,0.0182216556198335,rank-based decile defined only by Observed Post group-mean expression
AgentVC_proxy,Responder,Leca-VC,AgentVC,2,D2,84,0.974740296171855,0.988905254425808,0.0164563265493708,rank-based decile defined only by Observed Post group-mean expression
AgentVC_proxy,Responder,Leca-VC,AgentVC,3,D3,84,1.0912488560653195,1.1279376763505344,0.0175949152703063,rank-based decile defined only by Observed Post group-mean expression
AgentVC_proxy,Responder,Leca-VC,AgentVC,4,D4,84,1.1915591686122589,1.2291140926892756,0.0157472393521254,rank-based decile defined only by Observed Post group-mean expression
AgentVC_proxy,Responder,Leca-VC,AgentVC,5,D5,83,1.2791506308729066,1.2973472069517538,0.0163265215428751,rank-based decile defined only by Observed Post group-mean expression
AgentVC_proxy,Responder,Leca-VC,AgentVC,6,D6,83,1.370763054752398,1.3431032395221507,0.0185658780790517,rank-based decile defined only by Observed Post group-mean expression
AgentVC_proxy,Responder,Leca-VC,AgentVC,7,D7,83,1.481413254905006,1.4568562799366118,0.0174877897626255,rank-based decile defined only by Observed Post group-mean expression
AgentVC_proxy,Responder,Leca-VC,AgentVC,8,D8,83,1.6013794344838106,1.54170281882221,0.0180882592101121,rank-based decile defined only by Observed Post group-mean expression
AgentVC_proxy,Responder,Leca-VC,AgentVC,9,D9,83,1.7241612682259426,1.6856262302811964,0.017662437257224,rank-based decile defined only by Observed Post group-mean expression
AgentVC_proxy,Responder,Leca-VC,AgentVC,10,D10,83,1.974548437659789,1.9219290907840791,0.0180730396477254,rank-based decile defined only by Observed Post group-mean expression
Observed_Post,Non-responder,Observed,Observed,1,D1,84,1.0278242052902669,1.0278242052902669,0.0100438491800543,rank-based decile defined only by Observed Post group-mean expression
Observed_Post,Non-responder,Observed,Observed,2,D2,84,1.1892617238010417,1.1892617238010417,0.0031922300047837,rank-based decile defined only by Observed Post group-mean expression
Observed_Post,Non-responder,Observed,Observed,3,D3,84,1.2943840742528612,1.2943840742528612,0.0030612914773885,rank-based decile defined only by Observed Post group-mean expression
Observed_Post,Non-responder,Observed,Observed,4,D4,84,1.385669848353721,1.385669848353721,0.0028745230603219,rank-based decile defined only by Observed Post group-mean expression
Observed_Post,Non-responder,Observed,Observed,5,D5,83,1.47502560887462,1.47502560887462,0.0023722001761806,rank-based decile defined only by Observed Post group-mean expression
Observed_Post,Non-responder,Observed,Observed,6,D6,83,1.5488434306969745,1.5488434306969745,0.0024130249598317,rank-based decile defined only by Observed Post group-mean expression
Observed_Post,Non-responder,Observed,Observed,7,D7,83,1.635797962417078,1.635797962417078,0.0030319806717397,rank-based decile defined only by Observed Post group-mean expression
Observed_Post,Non-responder,Observed,Observed,8,D8,83,1.7390303996215415,1.7390303996215415,0.0040005796460596,rank-based decile defined only by Observed Post group-mean expression
Observed_Post,Non-responder,Observed,Observed,9,D9,83,1.878463482571446,1.878463482571446,0.0051930016432113,rank-based decile defined only by Observed Post group-mean expression
Observed_Post,Non-responder,Observed,Observed,10,D10,83,2.085625378714038,2.085625378714038,0.0100137935846855,rank-based decile defined only by Observed Post group-mean expression
scGen,Non-responder,scGen,scGen,1,D1,84,1.0278242052902669,0.6368598180047047,0.0197282338530768,rank-based decile defined only by Observed Post group-mean expression
scGen,Non-responder,scGen,scGen,2,D2,84,1.1892617238010417,0.8094256715748303,0.0206098642938824,rank-based decile defined only by Observed Post group-mean expression
scGen,Non-responder,scGen,scGen,3,D3,84,1.2943840742528612,0.9013948968524214,0.0221610762495094,rank-based decile defined only by Observed Post group-mean expression
scGen,Non-responder,scGen,scGen,4,D4,84,1.385669848353721,0.9956111453594289,0.0179186400775771,rank-based decile defined only by Observed Post group-mean expression
scGen,Non-responder,scGen,scGen,5,D5,83,1.47502560887462,1.076596100346488,0.0204960252703378,rank-based decile defined only by Observed Post group-mean expression
scGen,Non-responder,scGen,scGen,6,D6,83,1.5488434306969745,1.1881787816238016,0.0167426305123297,rank-based decile defined only by Observed Post group-mean expression
scGen,Non-responder,scGen,scGen,7,D7,83,1.635797962417078,1.258813741855515,0.0195821865561943,rank-based decile defined only by Observed Post group-mean expression
scGen,Non-responder,scGen,scGen,8,D8,83,1.7390303996215415,1.3580585447414992,0.0201258671844274,rank-based decile defined only by Observed Post group-mean expression
scGen,Non-responder,scGen,scGen,9,D9,83,1.878463482571446,1.4975724135153827,0.0194659784107834,rank-based decile defined only by Observed Post group-mean expression
scGen,Non-responder,scGen,scGen,10,D10,83,2.085625378714038,1.7090946754011824,0.020122154252471,rank-based decile defined only by Observed Post group-mean expression
CellRank_terminal_proxy,Non-responder,CellRank,CellRank†,1,D1,84,1.0278242052902669,1.293179025167665,0.0486781487976397,rank-based decile defined only by Observed Post group-mean expression
CellRank_terminal_proxy,Non-responder,CellRank,CellRank†,2,D2,84,1.1892617238010417,1.2201039578150137,0.040816442931044,rank-based decile defined only by Observed Post group-mean expression
CellRank_terminal_proxy,Non-responder,CellRank,CellRank†,3,D3,84,1.2943840742528612,1.2829044183033005,0.038452863855244,rank-based decile defined only by Observed Post group-mean expression
CellRank_terminal_proxy,Non-responder,CellRank,CellRank†,4,D4,84,1.385669848353721,1.3144007796407438,0.0355338157580084,rank-based decile defined only by Observed Post group-mean expression
CellRank_terminal_proxy,Non-responder,CellRank,CellRank†,5,D5,83,1.47502560887462,1.3225974827228897,0.0447848099967025,rank-based decile defined only by Observed Post group-mean expression
CellRank_terminal_proxy,Non-responder,CellRank,CellRank†,6,D6,83,1.5488434306969745,1.3402648565951645,0.0484058952274847,rank-based decile defined only by Observed Post group-mean expression
CellRank_terminal_proxy,Non-responder,CellRank,CellRank†,7,D7,83,1.635797962417078,1.4249445782491172,0.0512474951502698,rank-based decile defined only by Observed Post group-mean expression
CellRank_terminal_proxy,Non-responder,CellRank,CellRank†,8,D8,83,1.7390303996215415,1.4385280789017854,0.0514277215409599,rank-based decile defined only by Observed Post group-mean expression
CellRank_terminal_proxy,Non-responder,CellRank,CellRank†,9,D9,83,1.878463482571446,1.62432275032898,0.0494470735541672,rank-based decile defined only by Observed Post group-mean expression
CellRank_terminal_proxy,Non-responder,CellRank,CellRank†,10,D10,83,2.085625378714038,1.7778187016243938,0.0614498772457884,rank-based decile defined only by Observed Post group-mean expression
AgentVC_proxy,Non-responder,Leca-VC,AgentVC,1,D1,84,1.0278242052902669,1.0116555881759288,0.0140130066852586,rank-based decile defined only by Observed Post group-mean expression
AgentVC_proxy,Non-responder,Leca-VC,AgentVC,2,D2,84,1.1892617238010417,1.1590297114890338,0.0123396181391508,rank-based decile defined only by Observed Post group-mean expression
AgentVC_proxy,Non-responder,Leca-VC,AgentVC,3,D3,84,1.2943840742528612,1.2562027509211342,0.0102938020196114,rank-based decile defined only by Observed Post group-mean expression
AgentVC_proxy,Non-responder,Leca-VC,AgentVC,4,D4,84,1.385669848353721,1.347537414859272,0.0107198496334429,rank-based decile defined only by Observed Post group-mean expression
AgentVC_proxy,Non-responder,Leca-VC,AgentVC,5,D5,83,1.47502560887462,1.4384062027778863,0.0094591647590539,rank-based decile defined only by Observed Post group-mean expression
AgentVC_proxy,Non-responder,Leca-VC,AgentVC,6,D6,83,1.5488434306969745,1.525282229105738,0.0100403200962831,rank-based decile defined only by Observed Post group-mean expression
AgentVC_proxy,Non-responder,Leca-VC,AgentVC,7,D7,83,1.635797962417078,1.614677570426737,0.0087587348849738,rank-based decile defined only by Observed Post group-mean expression
AgentVC_proxy,Non-responder,Leca-VC,AgentVC,8,D8,83,1.7390303996215415,1.7087867137025483,0.0095257142741652,rank-based decile defined only by Observed Post group-mean expression
AgentVC_proxy,Non-responder,Leca-VC,AgentVC,9,D9,83,1.878463482571446,1.8452797081624093,0.0090406697264813,rank-based decile defined only by Observed Post group-mean expression
AgentVC_proxy,Non-responder,Leca-VC,AgentVC,10,D10,83,2.085625378714038,2.0481363696770267,0.0128835219557669,rank-based decile defined only by Observed Post group-mean expression
