condition,fibrotic_burden
natural_progression,0.33335742554799697
macrophage_SPP1_APOE_suppression,0.43866586032501886
macrophage_SPP1_APOE_suppression,0.31050673963214914
epithelial_repair_promotion,0.3488428604585538
epithelial_repair_promotion,0.34892008595616025
macrophage_SPP1_APOE_suppression,0.4386658658679768
TGFB_blockade,0.34407529860418234
fibroblast_ECM_suppression,0.2959224914588058
fibroblast_ECM_suppression,0.2517550259208869
epithelial_repair_promotion,0.32802034968505916
epithelial_repair_promotion,0.4414694250314941
macrophage_SPP1_APOE_suppression,0.34770526962962967
epithelial_repair_promotion,0.32787882784076594
macrophage_SPP1_APOE_suppression,0.32787136916099774
epithelial_repair_promotion,0.32800432574955907
natural_progression,0.44158574551524316
macrophage_SPP1_APOE_suppression,0.34799152939279415
macrophage_SPP1_APOE_suppression,0.32736689533056185
sensitivity_decay,0.34776013382716053
natural_progression,0.3333672557319224
fibroblast_ECM_suppression,0.207502990664903
epithelial_repair_promotion,0.36166892068531115
rule_agent,0.3268074768372386
TGFB_blockade,0.30386646215671453
TGFB_blockade,0.3229983913328294
rule_agent,0.3587104168556311
diffusion_only,0.24331567583774252
fibroblast_ECM_suppression,0.33591753478961955
natural_progression,0.24610242400755858
epithelial_repair_promotion,0.3281488650962459
fibroblast_ECM_suppression,0.27549677651297555
macrophage_SPP1_APOE_suppression,0.3483413185084404
sensitivity_source_coupling,0.3617888307281431
fibroblast_ECM_suppression,0.3138376118065003
macrophage_SPP1_APOE_suppression,0.3603149161501638
macrophage_SPP1_APOE_suppression,0.3573176932476694
macrophage_SPP1_APOE_suppression,0.3280040202317964
fibroblast_ECM_suppression,0.31383758125220457
fibroblast_ECM_suppression,0.2792798373822121
epithelial_repair_promotion,0.4396718900554296
TGFB_blockade,0.43241081018644495
fibroblast_ECM_suppression,0.21489003420433359
sensitivity_source_coupling,0.3268491517157974
rule_agent,0.44203026697656844
macrophage_SPP1_APOE_suppression,0.34830483652305366
rule_agent,0.3638398599647266
macrophage_SPP1_APOE_suppression,0.4371939530435878
rule_agent,0.3587010447215923
macrophage_SPP1_APOE_suppression,0.3602879378180902
natural_progression,0.32831761083396327
TGFB_blockade,0.4375783149281935
TGFB_blockade,0.32871047593852354
macrophage_SPP1_APOE_suppression,0.3104902317460317
macrophage_SPP1_APOE_suppression,0.33221172713529856
macrophage_SPP1_APOE_suppression,0.3269138290670194
fibroblast_ECM_suppression,0.22693713699168555
fibroblast_ECM_suppression,0.33591752310909545
epithelial_repair_promotion,0.4396229726958932
macrophage_SPP1_APOE_suppression,0.43806575122952884
natural_progression,0.3620152583018393
natural_progression,0.35956062648022175
rule_agent,0.3050008284958428
TGFB_blockade,0.3530134609473419
natural_progression,0.24609741922045858
TGFB_blockade,0.4323850893499622
TGFB_blockade,0.3049645491559587
TGFB_blockade,0.3229470961368103
fibroblast_ECM_suppression,0.2127967763413958
TGFB_blockade,0.35610095898211136
rule_agent,0.34776013382716053
epithelial_repair_promotion,0.3593733087679516
TGFB_blockade,0.3049826748803225
fibroblast_ECM_suppression,0.23144381472587552
epithelial_repair_promotion,0.36186976825396827
epithelial_repair_promotion,0.32789777089947086
epithelial_repair_promotion,0.34884197534895434
epithelial_repair_promotion,0.3281523732847065
TGFB_blockade,0.304974638851096
epithelial_repair_promotion,0.4414774439279415
diffusion_only,0.2832521786092214
macrophage_SPP1_APOE_suppression,0.310313003728899
rule_agent,0.3329892753842278
TGFB_blockade,0.34408688389014863
macrophage_SPP1_APOE_suppression,0.3483309141244646
sensitivity_decay,0.34266576005291005
epithelial_repair_promotion,0.328100340026959
macrophage_SPP1_APOE_suppression,0.31045762282690853
macrophage_SPP1_APOE_suppression,0.3322264661123709
natural_progression,0.33338009800957424
rule_agent,0.3269938509868985
epithelial_repair_promotion,0.3278812571680524
TGFB_blockade,0.3240466839423029
TGFB_blockade,0.3561063817586294
TGFB_blockade,0.4366501589695137
epithelial_repair_promotion,0.3618460746283699
epithelial_repair_promotion,0.44147826604938273
rule_agent,0.3329395704207609
rule_agent,0.4413857477828168
epithelial_repair_promotion,0.36182103456790127
TGFB_blockade,0.353236233106576
macrophage_SPP1_APOE_suppression,0.4405368523431594
epithelial_repair_promotion,0.31084808601662883
fibroblast_ECM_suppression,0.2718671428470648
TGFB_blockade,0.32974965129755607
natural_progression,0.3281684075502646
epithelial_repair_promotion,0.32815741586470143
TGFB_blockade,0.43494369454018644
natural_progression,0.44158566085915846
macrophage_SPP1_APOE_suppression,0.3584186780549257
natural_progression,0.34913987456790124
epithelial_repair_promotion,0.3281714324935752
epithelial_repair_promotion,0.34899081510707985
diffusion_only,0.36069695304358784
TGFB_blockade,0.35326953973293024
epithelial_repair_promotion,0.33311036558327034
epithelial_repair_promotion,0.3108575658100277
TGFB_blockade,0.35197110342655585
diffusion_only,0.25206553967422524
epithelial_repair_promotion,0.3489801665810027
macrophage_SPP1_APOE_suppression,0.43807134608969517
fibroblast_ECM_suppression,0.2581876334668682
epithelial_repair_promotion,0.3108197728395062
fibroblast_ECM_suppression,0.282159057292517
TGFB_blockade,0.3545726279163517
natural_progression,0.32812940603854873
TGFB_blockade,0.3520024805996472
fibroblast_ECM_suppression,0.26180056189720335
macrophage_SPP1_APOE_suppression,0.32791009176114894
TGFB_blockade,0.4323372982186949
macrophage_SPP1_APOE_suppression,0.3567186856890905
macrophage_SPP1_APOE_suppression,0.44085151371882086
TGFB_blockade,0.3229460232300328
fibroblast_ECM_suppression,0.24037528553287985
diffusion_only,0.36069695304358784
rule_agent,0.35868400365331315
TGFB_blockade,0.3542743611740993
fibroblast_ECM_suppression,0.3359552688712522
TGFB_blockade,0.32377524341143865
epithelial_repair_promotion,0.4414291685437138
macrophage_SPP1_APOE_suppression,0.3273676935165029
diffusion_only,0.3075531495338876
TGFB_blockade,0.43562806045603425
epithelial_repair_promotion,0.44138416501637695
epithelial_repair_promotion,0.3617456790627362
TGFB_blockade,0.32973403476946334
epithelial_repair_promotion,0.32777222343159484
rule_agent,0.4414013844671202
fibroblast_ECM_suppression,0.20748769601058203
TGFB_blockade,0.3447595654220207
fibroblast_ECM_suppression,0.2718765961829176
epithelial_repair_promotion,0.3277693232048375
epithelial_repair_promotion,0.4414299881456286
macrophage_SPP1_APOE_suppression,0.32778259551524314
macrophage_SPP1_APOE_suppression,0.43726024052154194
epithelial_repair_promotion,0.34885262034769465
rule_agent,0.3226373794154698
fibroblast_ECM_suppression,0.303653385505165
epithelial_repair_promotion,0.36176807614008566
epithelial_repair_promotion,0.3595061238347191
rule_agent,0.32263992287729915
rule_agent,0.32264703146888385
macrophage_SPP1_APOE_suppression,0.3325513187200806
fibroblast_ECM_suppression,0.22693223404132024
rule_agent,0.3050152502645503
epithelial_repair_promotion,0.33308778584026205
TGFB_blockade,0.32795082993197283
epithelial_repair_promotion,0.3330208508440413
macrophage_SPP1_APOE_suppression,0.3103645842277652
fibroblast_ECM_suppression,0.28216155769286977
sensitivity_diffusion,0.3406154986545729
fibroblast_ECM_suppression,0.3143412661501637
epithelial_repair_promotion,0.3332020468631897
TGFB_blockade,0.3218902966911061
epithelial_repair_promotion,0.34890943289493576
fibroblast_ECM_suppression,0.2517708236180398
diffusion_only,0.27483025018896445
epithelial_repair_promotion,0.3281384503822122
fibroblast_ECM_suppression,0.3359621753464349
macrophage_SPP1_APOE_suppression,0.3573178164525069
fibroblast_ECM_suppression,0.2733261550264551
macrophage_SPP1_APOE_suppression,0.32781267513227513
TGFB_blockade,0.4366570264424289
macrophage_SPP1_APOE_suppression,0.3280190023431595
macrophage_SPP1_APOE_suppression,0.33225836961451244
fibroblast_ECM_suppression,0.30274789665154955
fibroblast_ECM_suppression,0.2733238717057193
epithelial_repair_promotion,0.33318953791887124
fibroblast_ECM_suppression,0.2606279599395314
natural_progression,0.3283045289493575
TGFB_blockade,0.4335568603250189
natural_progression,0.3109942062988158
macrophage_SPP1_APOE_suppression,0.357344552154195
macrophage_SPP1_APOE_suppression,0.43999410202821865
fibroblast_ECM_suppression,0.271854591148904
fibroblast_ECM_suppression,0.31433348329554045
epithelial_repair_promotion,0.33309824288233814
TGFB_blockade,0.354362723733938
fibroblast_ECM_suppression,0.26143433796949356
fibroblast_ECM_suppression,0.27928371264550267
epithelial_repair_promotion,0.3617225455278408
TGFB_blockade,0.3447471350869237
TGFB_blockade,0.35457327971781305
fibroblast_ECM_suppression,0.2618041442454019
macrophage_SPP1_APOE_suppression,0.34796583778281676
macrophage_SPP1_APOE_suppression,0.33192970899470897
fibroblast_ECM_suppression,0.26143014144474425
diffusion_only,0.27483025018896445
TGFB_blockade,0.3061161281431091
TGFB_blockade,0.4375862189342404
TGFB_blockade,0.3288046989166037
epithelial_repair_promotion,0.33299824640967496
fibroblast_ECM_suppression,0.2755289859057698
fibroblast_ECM_suppression,0.2821245279836231
sensitivity_diffusion,0.34776013382716053
TGFB_blockade,0.32793270445956163
TGFB_blockade,0.3529937443940539
diffusion_only,0.29109739082892416
fibroblast_ECM_suppression,0.2578028286293777
TGFB_blockade,0.34406435680524056
diffusion_only,0.27483025018896445
epithelial_repair_promotion,0.31080113013353494
fibroblast_ECM_suppression,0.2064903938070043
diffusion_only,0.361700709234064
epithelial_repair_promotion,0.310909227462837
TGFB_blockade,0.4366426563240111
rule_agent,0.33291910052910045
macrophage_SPP1_APOE_suppression,0.32637511276568404
natural_progression,0.18713062571932476
diffusion_only,0.25206553967422524
TGFB_blockade,0.32455270319979845
macrophage_SPP1_APOE_suppression,0.3263636033174603
macrophage_SPP1_APOE_suppression,0.3318951776266062
macrophage_SPP1_APOE_suppression,0.35670007218442934
epithelial_repair_promotion,0.3277898860670194
natural_progression,0.23869669201310154
fibroblast_ECM_suppression,0.23142873229957167
epithelial_repair_promotion,0.44137634491055683
TGFB_blockade,0.3542551061980348
TGFB_blockade,0.30608562081128743
macrophage_SPP1_APOE_suppression,0.3602680864701436
fibroblast_ECM_suppression,0.29592455497606457
fibroblast_ECM_suppression,0.2581944131997984
fibroblast_ECM_suppression,0.20651041116150165
natural_progression,0.36204085744520026
natural_progression,0.36206542912572437
epithelial_repair_promotion,0.3593632019400353
macrophage_SPP1_APOE_suppression,0.35787596686822876
natural_progression,0.34913897131771227
epithelial_repair_promotion,0.32811875448904004
fibroblast_ECM_suppression,0.2128050244561602
diffusion_only,0.3075531495338876
TGFB_blockade,0.3237641978080121
TGFB_blockade,0.32287287290677746
sensitivity_source_coupling,0.34776013382716053
epithelial_repair_promotion,0.3489103283345931
TGFB_blockade,0.435591828659612
natural_progression,0.4398052123028471
epithelial_repair_promotion,0.43971931081632654
fibroblast_ECM_suppression,0.21280963526072058
macrophage_SPP1_APOE_suppression,0.43804620424036284
macrophage_SPP1_APOE_suppression,0.3567801137566138
epithelial_repair_promotion,0.3330087188208617
natural_progression,0.43980515964474687
rule_agent,0.4420305035600907
TGFB_blockade,0.34315463521289996
TGFB_blockade,0.43494368824137064
TGFB_blockade,0.30384731148904004
macrophage_SPP1_APOE_suppression,0.32731014501562106
macrophage_SPP1_APOE_suppression,0.4405096792517007
fibroblast_ECM_suppression,0.24037097317208364
epithelial_repair_promotion,0.4396229623658352
macrophage_SPP1_APOE_suppression,0.4400464867598891
fibroblast_ECM_suppression,0.314334579047619
macrophage_SPP1_APOE_suppression,0.44086745778533637
natural_progression,0.1871096766137566
fibroblast_ECM_suppression,0.26143474399477445
natural_progression,0.4398052201133787
TGFB_blockade,0.34480433438145625
diffusion_only,0.36069695304358784
fibroblast_ECM_suppression,0.2958958589569161
rule_agent,0.32698504549433105
epithelial_repair_promotion,0.32816283687755105
fibroblast_ECM_suppression,0.30274792242126475
fibroblast_ECM_suppression,0.26735186503552527
macrophage_SPP1_APOE_suppression,0.34851539333837234
epithelial_repair_promotion,0.35929705253212396
epithelial_repair_promotion,0.3594338106575964
macrophage_SPP1_APOE_suppression,0.3593959509196271
epithelial_repair_promotion,0.35936697543461826
epithelial_repair_promotion,0.32811045945250694
TGFB_blockade,0.43562045728143106
fibroblast_ECM_suppression,0.3138375988939279
fibroblast_ECM_suppression,0.25545839664903
fibroblast_ECM_suppression,0.24656542617208366
macrophage_SPP1_APOE_suppression,0.4372365708314437
diffusion_only,0.2936945739884102
macrophage_SPP1_APOE_suppression,0.3579576312673217
macrophage_SPP1_APOE_suppression,0.3102200374149659
fibroblast_ECM_suppression,0.2517653976165281
epithelial_repair_promotion,0.4396718734265558
TGFB_blockade,0.43356470008314435
epithelial_repair_promotion,0.35942995023935503
TGFB_blockade,0.35203312660619807
fibroblast_ECM_suppression,0.20749035134870247
TGFB_blockade,0.3279436089695138
fibroblast_ECM_suppression,0.2148904480793651
fibroblast_ECM_suppression,0.27552613110103297
epithelial_repair_promotion,0.43971934709750565
TGFB_blockade,0.3038590489543965
macrophage_SPP1_APOE_suppression,0.34835848126984126
TGFB_blockade,0.32456444041320237
macrophage_SPP1_APOE_suppression,0.31017408755354
fibroblast_ECM_suppression,0.25545346102040817
diffusion_only,0.2936945739884102
macrophage_SPP1_APOE_suppression,0.3594247617031998
natural_progression,0.3281825121106072
diffusion_only,0.24331567583774252
TGFB_blockade,0.35456923361048126
TGFB_blockade,0.35327639662383475
fibroblast_ECM_suppression,0.3359175198538675
TGFB_blockade,0.32189114980272104
TGFB_blockade,0.32298308521038044
epithelial_repair_promotion,0.441384997467876
fibroblast_ECM_suppression,0.24037516613252707
epithelial_repair_promotion,0.3616477994960947
TGFB_blockade,0.32456432275132274
TGFB_blockade,0.32409246423960697
TGFB_blockade,0.323969814957672
fibroblast_ECM_suppression,0.2673567640060469
diffusion_only,0.3075531495338876
TGFB_blockade,0.43757691079617034
macrophage_SPP1_APOE_suppression,0.35938176094734187
epithelial_repair_promotion,0.3594394002267574
fibroblast_ECM_suppression,0.2792833900277148
epithelial_repair_promotion,0.3107920145124716
fibroblast_ECM_suppression,0.26179580606953895
natural_progression,0.4415767996850592
fibroblast_ECM_suppression,0.23142312107004284
TGFB_blockade,0.32870241345427054
epithelial_repair_promotion,0.3489810625245654
epithelial_repair_promotion,0.43967183689342404
natural_progression,0.3283009580246914
TGFB_blockade,0.34236152410178883
natural_progression,0.23868866278659612
diffusion_only,0.24331567583774252
TGFB_blockade,0.35610552940287227
macrophage_SPP1_APOE_suppression,0.32690500089871505
TGFB_blockade,0.4349436895011338
macrophage_SPP1_APOE_suppression,0.33185169160997735
TGFB_blockade,0.3530281276140086
sensitivity_decay,0.35302673267825646
TGFB_blockade,0.3431252063895187
fibroblast_ECM_suppression,0.2606232938523558
macrophage_SPP1_APOE_suppression,0.3102161276140086
natural_progression,0.35955646674225245
epithelial_repair_promotion,0.3280032975308641
natural_progression,0.24602771047770222
epithelial_repair_promotion,0.3331795104560343
natural_progression,0.23869640075585788
TGFB_blockade,0.3228998129420509
macrophage_SPP1_APOE_suppression,0.4408378407533384
epithelial_repair_promotion,0.36162498543713784
fibroblast_ECM_suppression,0.30364634931468887
rule_agent,0.3477863956059461
fibroblast_ECM_suppression,0.21490233015545476
rule_agent,0.34775111568657097
diffusion_only,0.361700709234064
macrophage_SPP1_APOE_suppression,0.34850135453766695
fibroblast_ECM_suppression,0.25817574278911565
fibroblast_ECM_suppression,0.24656905236936255
rule_agent,0.36389004363819605
macrophage_SPP1_APOE_suppression,0.3103607704207609
diffusion_only,0.2832521786092214
macrophage_SPP1_APOE_suppression,0.33248829730410684
macrophage_SPP1_APOE_suppression,0.43866585906525574
rule_agent,0.4420305121264802
macrophage_SPP1_APOE_suppression,0.35841038755353993
fibroblast_ECM_suppression,0.302747937372134
macrophage_SPP1_APOE_suppression,0.347957652345679
fibroblast_ECM_suppression,0.2554610948374905
TGFB_blockade,0.3218096622743764
macrophage_SPP1_APOE_suppression,0.3280096236583522
rule_agent,0.30500852035777276
diffusion_only,0.29109739082892416
epithelial_repair_promotion,0.3108994062988158
TGFB_blockade,0.34312832858654574
epithelial_repair_promotion,0.439622924069035
macrophage_SPP1_APOE_suppression,0.35783757407407407
sensitivity_diffusion,0.35790521923910307
natural_progression,0.3110139312169312
rule_agent,0.4413817137692114
natural_progression,0.31098314240362807
epithelial_repair_promotion,0.43971933273620556
fibroblast_ECM_suppression,0.33595480996472665
fibroblast_ECM_suppression,0.2606264144116906
TGFB_blockade,0.32974755933484506
diffusion_only,0.29109739082892416
macrophage_SPP1_APOE_suppression,0.32775869075333836
natural_progression,0.3491496304258
diffusion_only,0.2936945739884102
TGFB_blockade,0.4334940099848828
TGFB_blockade,0.32377595769715295
epithelial_repair_promotion,0.31092857515747035
epithelial_repair_promotion,0.35930077236079616
macrophage_SPP1_APOE_suppression,0.32634263833887633
macrophage_SPP1_APOE_suppression,0.32790561027966747
fibroblast_ECM_suppression,0.24657068334013604
macrophage_SPP1_APOE_suppression,0.33257943083900227
epithelial_repair_promotion,0.4414213499496095
fibroblast_ECM_suppression,0.3036440669798438
macrophage_SPP1_APOE_suppression,0.32697849598563866
fibroblast_ECM_suppression,0.2673572232275132
epithelial_repair_promotion,0.31087682091206853
fibroblast_ECM_suppression,0.2269376799017385
macrophage_SPP1_APOE_suppression,0.44048012949105564
natural_progression,0.3596327108843537
TGFB_blockade,0.30609648054925676
fibroblast_ECM_suppression,0.2065005047266314
diffusion_only,0.2832521786092214
diffusion_only,0.25206553967422524
macrophage_SPP1_APOE_suppression,0.4399878793020912
macrophage_SPP1_APOE_suppression,0.3584512414210128
rule_agent,0.363870971579743
epithelial_repair_promotion,0.3487780947745024
natural_progression,0.18713401740488786
diffusion_only,0.361700709234064
fibroblast_ECM_suppression,0.2733203529100529
