sample_id,stage,condition,dose,seed,agent_mode,matrix_group,run_id
GSM8281387_V10A20-072-B1,d7_bleo,natural_progression,0.0,1701,llm_agent,main,GSM8281387_V10A20-072-B1__natural_progression__dose000__seed1701__llm_agent
GSM8281387_V10A20-072-B1,d7_bleo,TGFB_blockade,0.25,1701,llm_agent,main,GSM8281387_V10A20-072-B1__TGFB_blockade__dose025__seed1701__llm_agent
GSM8281387_V10A20-072-B1,d7_bleo,TGFB_blockade,0.5,1701,llm_agent,main,GSM8281387_V10A20-072-B1__TGFB_blockade__dose050__seed1701__llm_agent
GSM8281387_V10A20-072-B1,d7_bleo,TGFB_blockade,0.75,1701,llm_agent,main,GSM8281387_V10A20-072-B1__TGFB_blockade__dose075__seed1701__llm_agent
GSM8281387_V10A20-072-B1,d7_bleo,macrophage_SPP1_APOE_suppression,0.25,1701,llm_agent,main,GSM8281387_V10A20-072-B1__macrophage_SPP1_APOE_suppression__dose025__seed1701__llm_agent
GSM8281387_V10A20-072-B1,d7_bleo,macrophage_SPP1_APOE_suppression,0.5,1701,llm_agent,main,GSM8281387_V10A20-072-B1__macrophage_SPP1_APOE_suppression__dose050__seed1701__llm_agent
GSM8281387_V10A20-072-B1,d7_bleo,macrophage_SPP1_APOE_suppression,0.75,1701,llm_agent,main,GSM8281387_V10A20-072-B1__macrophage_SPP1_APOE_suppression__dose075__seed1701__llm_agent
GSM8281387_V10A20-072-B1,d7_bleo,epithelial_repair_promotion,0.25,1701,llm_agent,main,GSM8281387_V10A20-072-B1__epithelial_repair_promotion__dose025__seed1701__llm_agent
GSM8281387_V10A20-072-B1,d7_bleo,epithelial_repair_promotion,0.5,1701,llm_agent,main,GSM8281387_V10A20-072-B1__epithelial_repair_promotion__dose050__seed1701__llm_agent
GSM8281387_V10A20-072-B1,d7_bleo,epithelial_repair_promotion,0.75,1701,llm_agent,main,GSM8281387_V10A20-072-B1__epithelial_repair_promotion__dose075__seed1701__llm_agent
GSM8281387_V10A20-072-B1,d7_bleo,fibroblast_ECM_suppression,0.25,1701,llm_agent,main,GSM8281387_V10A20-072-B1__fibroblast_ECM_suppression__dose025__seed1701__llm_agent
GSM8281387_V10A20-072-B1,d7_bleo,fibroblast_ECM_suppression,0.5,1701,llm_agent,main,GSM8281387_V10A20-072-B1__fibroblast_ECM_suppression__dose050__seed1701__llm_agent
GSM8281387_V10A20-072-B1,d7_bleo,fibroblast_ECM_suppression,0.75,1701,llm_agent,main,GSM8281387_V10A20-072-B1__fibroblast_ECM_suppression__dose075__seed1701__llm_agent
GSM8281387_V10A20-072-B1,d7_bleo,diffusion_only,0.0,1701,diffusion_only,ablation,GSM8281387_V10A20-072-B1__diffusion_only__dose000__seed1701__diffusion_only
GSM8281387_V10A20-072-B1,d7_bleo,rule_agent,0.0,1701,rule_agent,ablation,GSM8281387_V10A20-072-B1__rule_agent__dose000__seed1701__rule_agent
GSM8281387_V10A20-072-B1,d7_bleo,natural_progression,0.0,1702,llm_agent,main,GSM8281387_V10A20-072-B1__natural_progression__dose000__seed1702__llm_agent
GSM8281387_V10A20-072-B1,d7_bleo,TGFB_blockade,0.25,1702,llm_agent,main,GSM8281387_V10A20-072-B1__TGFB_blockade__dose025__seed1702__llm_agent
GSM8281387_V10A20-072-B1,d7_bleo,TGFB_blockade,0.5,1702,llm_agent,main,GSM8281387_V10A20-072-B1__TGFB_blockade__dose050__seed1702__llm_agent
GSM8281387_V10A20-072-B1,d7_bleo,TGFB_blockade,0.75,1702,llm_agent,main,GSM8281387_V10A20-072-B1__TGFB_blockade__dose075__seed1702__llm_agent
GSM8281387_V10A20-072-B1,d7_bleo,macrophage_SPP1_APOE_suppression,0.25,1702,llm_agent,main,GSM8281387_V10A20-072-B1__macrophage_SPP1_APOE_suppression__dose025__seed1702__llm_agent
GSM8281387_V10A20-072-B1,d7_bleo,macrophage_SPP1_APOE_suppression,0.5,1702,llm_agent,main,GSM8281387_V10A20-072-B1__macrophage_SPP1_APOE_suppression__dose050__seed1702__llm_agent
GSM8281387_V10A20-072-B1,d7_bleo,macrophage_SPP1_APOE_suppression,0.75,1702,llm_agent,main,GSM8281387_V10A20-072-B1__macrophage_SPP1_APOE_suppression__dose075__seed1702__llm_agent
GSM8281387_V10A20-072-B1,d7_bleo,epithelial_repair_promotion,0.25,1702,llm_agent,main,GSM8281387_V10A20-072-B1__epithelial_repair_promotion__dose025__seed1702__llm_agent
GSM8281387_V10A20-072-B1,d7_bleo,epithelial_repair_promotion,0.5,1702,llm_agent,main,GSM8281387_V10A20-072-B1__epithelial_repair_promotion__dose050__seed1702__llm_agent
GSM8281387_V10A20-072-B1,d7_bleo,epithelial_repair_promotion,0.75,1702,llm_agent,main,GSM8281387_V10A20-072-B1__epithelial_repair_promotion__dose075__seed1702__llm_agent
GSM8281387_V10A20-072-B1,d7_bleo,fibroblast_ECM_suppression,0.25,1702,llm_agent,main,GSM8281387_V10A20-072-B1__fibroblast_ECM_suppression__dose025__seed1702__llm_agent
GSM8281387_V10A20-072-B1,d7_bleo,fibroblast_ECM_suppression,0.5,1702,llm_agent,main,GSM8281387_V10A20-072-B1__fibroblast_ECM_suppression__dose050__seed1702__llm_agent
GSM8281387_V10A20-072-B1,d7_bleo,fibroblast_ECM_suppression,0.75,1702,llm_agent,main,GSM8281387_V10A20-072-B1__fibroblast_ECM_suppression__dose075__seed1702__llm_agent
GSM8281387_V10A20-072-B1,d7_bleo,diffusion_only,0.0,1702,diffusion_only,ablation,GSM8281387_V10A20-072-B1__diffusion_only__dose000__seed1702__diffusion_only
GSM8281387_V10A20-072-B1,d7_bleo,rule_agent,0.0,1702,rule_agent,ablation,GSM8281387_V10A20-072-B1__rule_agent__dose000__seed1702__rule_agent
GSM8281387_V10A20-072-B1,d7_bleo,natural_progression,0.0,1703,llm_agent,main,GSM8281387_V10A20-072-B1__natural_progression__dose000__seed1703__llm_agent
GSM8281387_V10A20-072-B1,d7_bleo,TGFB_blockade,0.25,1703,llm_agent,main,GSM8281387_V10A20-072-B1__TGFB_blockade__dose025__seed1703__llm_agent
GSM8281387_V10A20-072-B1,d7_bleo,TGFB_blockade,0.5,1703,llm_agent,main,GSM8281387_V10A20-072-B1__TGFB_blockade__dose050__seed1703__llm_agent
GSM8281387_V10A20-072-B1,d7_bleo,TGFB_blockade,0.75,1703,llm_agent,main,GSM8281387_V10A20-072-B1__TGFB_blockade__dose075__seed1703__llm_agent
GSM8281387_V10A20-072-B1,d7_bleo,macrophage_SPP1_APOE_suppression,0.25,1703,llm_agent,main,GSM8281387_V10A20-072-B1__macrophage_SPP1_APOE_suppression__dose025__seed1703__llm_agent
GSM8281387_V10A20-072-B1,d7_bleo,macrophage_SPP1_APOE_suppression,0.5,1703,llm_agent,main,GSM8281387_V10A20-072-B1__macrophage_SPP1_APOE_suppression__dose050__seed1703__llm_agent
GSM8281387_V10A20-072-B1,d7_bleo,macrophage_SPP1_APOE_suppression,0.75,1703,llm_agent,main,GSM8281387_V10A20-072-B1__macrophage_SPP1_APOE_suppression__dose075__seed1703__llm_agent
GSM8281387_V10A20-072-B1,d7_bleo,epithelial_repair_promotion,0.25,1703,llm_agent,main,GSM8281387_V10A20-072-B1__epithelial_repair_promotion__dose025__seed1703__llm_agent
GSM8281387_V10A20-072-B1,d7_bleo,epithelial_repair_promotion,0.5,1703,llm_agent,main,GSM8281387_V10A20-072-B1__epithelial_repair_promotion__dose050__seed1703__llm_agent
GSM8281387_V10A20-072-B1,d7_bleo,epithelial_repair_promotion,0.75,1703,llm_agent,main,GSM8281387_V10A20-072-B1__epithelial_repair_promotion__dose075__seed1703__llm_agent
GSM8281387_V10A20-072-B1,d7_bleo,fibroblast_ECM_suppression,0.25,1703,llm_agent,main,GSM8281387_V10A20-072-B1__fibroblast_ECM_suppression__dose025__seed1703__llm_agent
GSM8281387_V10A20-072-B1,d7_bleo,fibroblast_ECM_suppression,0.5,1703,llm_agent,main,GSM8281387_V10A20-072-B1__fibroblast_ECM_suppression__dose050__seed1703__llm_agent
GSM8281387_V10A20-072-B1,d7_bleo,fibroblast_ECM_suppression,0.75,1703,llm_agent,main,GSM8281387_V10A20-072-B1__fibroblast_ECM_suppression__dose075__seed1703__llm_agent
GSM8281387_V10A20-072-B1,d7_bleo,diffusion_only,0.0,1703,diffusion_only,ablation,GSM8281387_V10A20-072-B1__diffusion_only__dose000__seed1703__diffusion_only
GSM8281387_V10A20-072-B1,d7_bleo,rule_agent,0.0,1703,rule_agent,ablation,GSM8281387_V10A20-072-B1__rule_agent__dose000__seed1703__rule_agent
GSM8281388_V10A20-072-C1,d7_bleo,natural_progression,0.0,1701,llm_agent,main,GSM8281388_V10A20-072-C1__natural_progression__dose000__seed1701__llm_agent
GSM8281388_V10A20-072-C1,d7_bleo,TGFB_blockade,0.25,1701,llm_agent,main,GSM8281388_V10A20-072-C1__TGFB_blockade__dose025__seed1701__llm_agent
GSM8281388_V10A20-072-C1,d7_bleo,TGFB_blockade,0.5,1701,llm_agent,main,GSM8281388_V10A20-072-C1__TGFB_blockade__dose050__seed1701__llm_agent
GSM8281388_V10A20-072-C1,d7_bleo,TGFB_blockade,0.75,1701,llm_agent,main,GSM8281388_V10A20-072-C1__TGFB_blockade__dose075__seed1701__llm_agent
GSM8281388_V10A20-072-C1,d7_bleo,macrophage_SPP1_APOE_suppression,0.25,1701,llm_agent,main,GSM8281388_V10A20-072-C1__macrophage_SPP1_APOE_suppression__dose025__seed1701__llm_agent
GSM8281388_V10A20-072-C1,d7_bleo,macrophage_SPP1_APOE_suppression,0.5,1701,llm_agent,main,GSM8281388_V10A20-072-C1__macrophage_SPP1_APOE_suppression__dose050__seed1701__llm_agent
GSM8281388_V10A20-072-C1,d7_bleo,macrophage_SPP1_APOE_suppression,0.75,1701,llm_agent,main,GSM8281388_V10A20-072-C1__macrophage_SPP1_APOE_suppression__dose075__seed1701__llm_agent
GSM8281388_V10A20-072-C1,d7_bleo,epithelial_repair_promotion,0.25,1701,llm_agent,main,GSM8281388_V10A20-072-C1__epithelial_repair_promotion__dose025__seed1701__llm_agent
GSM8281388_V10A20-072-C1,d7_bleo,epithelial_repair_promotion,0.5,1701,llm_agent,main,GSM8281388_V10A20-072-C1__epithelial_repair_promotion__dose050__seed1701__llm_agent
GSM8281388_V10A20-072-C1,d7_bleo,epithelial_repair_promotion,0.75,1701,llm_agent,main,GSM8281388_V10A20-072-C1__epithelial_repair_promotion__dose075__seed1701__llm_agent
GSM8281388_V10A20-072-C1,d7_bleo,fibroblast_ECM_suppression,0.25,1701,llm_agent,main,GSM8281388_V10A20-072-C1__fibroblast_ECM_suppression__dose025__seed1701__llm_agent
GSM8281388_V10A20-072-C1,d7_bleo,fibroblast_ECM_suppression,0.5,1701,llm_agent,main,GSM8281388_V10A20-072-C1__fibroblast_ECM_suppression__dose050__seed1701__llm_agent
GSM8281388_V10A20-072-C1,d7_bleo,fibroblast_ECM_suppression,0.75,1701,llm_agent,main,GSM8281388_V10A20-072-C1__fibroblast_ECM_suppression__dose075__seed1701__llm_agent
GSM8281388_V10A20-072-C1,d7_bleo,diffusion_only,0.0,1701,diffusion_only,ablation,GSM8281388_V10A20-072-C1__diffusion_only__dose000__seed1701__diffusion_only
GSM8281388_V10A20-072-C1,d7_bleo,rule_agent,0.0,1701,rule_agent,ablation,GSM8281388_V10A20-072-C1__rule_agent__dose000__seed1701__rule_agent
GSM8281388_V10A20-072-C1,d7_bleo,natural_progression,0.0,1702,llm_agent,main,GSM8281388_V10A20-072-C1__natural_progression__dose000__seed1702__llm_agent
GSM8281388_V10A20-072-C1,d7_bleo,TGFB_blockade,0.25,1702,llm_agent,main,GSM8281388_V10A20-072-C1__TGFB_blockade__dose025__seed1702__llm_agent
GSM8281388_V10A20-072-C1,d7_bleo,TGFB_blockade,0.5,1702,llm_agent,main,GSM8281388_V10A20-072-C1__TGFB_blockade__dose050__seed1702__llm_agent
GSM8281388_V10A20-072-C1,d7_bleo,TGFB_blockade,0.75,1702,llm_agent,main,GSM8281388_V10A20-072-C1__TGFB_blockade__dose075__seed1702__llm_agent
GSM8281388_V10A20-072-C1,d7_bleo,macrophage_SPP1_APOE_suppression,0.25,1702,llm_agent,main,GSM8281388_V10A20-072-C1__macrophage_SPP1_APOE_suppression__dose025__seed1702__llm_agent
GSM8281388_V10A20-072-C1,d7_bleo,macrophage_SPP1_APOE_suppression,0.5,1702,llm_agent,main,GSM8281388_V10A20-072-C1__macrophage_SPP1_APOE_suppression__dose050__seed1702__llm_agent
GSM8281388_V10A20-072-C1,d7_bleo,macrophage_SPP1_APOE_suppression,0.75,1702,llm_agent,main,GSM8281388_V10A20-072-C1__macrophage_SPP1_APOE_suppression__dose075__seed1702__llm_agent
GSM8281388_V10A20-072-C1,d7_bleo,epithelial_repair_promotion,0.25,1702,llm_agent,main,GSM8281388_V10A20-072-C1__epithelial_repair_promotion__dose025__seed1702__llm_agent
GSM8281388_V10A20-072-C1,d7_bleo,epithelial_repair_promotion,0.5,1702,llm_agent,main,GSM8281388_V10A20-072-C1__epithelial_repair_promotion__dose050__seed1702__llm_agent
GSM8281388_V10A20-072-C1,d7_bleo,epithelial_repair_promotion,0.75,1702,llm_agent,main,GSM8281388_V10A20-072-C1__epithelial_repair_promotion__dose075__seed1702__llm_agent
GSM8281388_V10A20-072-C1,d7_bleo,fibroblast_ECM_suppression,0.25,1702,llm_agent,main,GSM8281388_V10A20-072-C1__fibroblast_ECM_suppression__dose025__seed1702__llm_agent
GSM8281388_V10A20-072-C1,d7_bleo,fibroblast_ECM_suppression,0.5,1702,llm_agent,main,GSM8281388_V10A20-072-C1__fibroblast_ECM_suppression__dose050__seed1702__llm_agent
GSM8281388_V10A20-072-C1,d7_bleo,fibroblast_ECM_suppression,0.75,1702,llm_agent,main,GSM8281388_V10A20-072-C1__fibroblast_ECM_suppression__dose075__seed1702__llm_agent
GSM8281388_V10A20-072-C1,d7_bleo,diffusion_only,0.0,1702,diffusion_only,ablation,GSM8281388_V10A20-072-C1__diffusion_only__dose000__seed1702__diffusion_only
GSM8281388_V10A20-072-C1,d7_bleo,rule_agent,0.0,1702,rule_agent,ablation,GSM8281388_V10A20-072-C1__rule_agent__dose000__seed1702__rule_agent
GSM8281388_V10A20-072-C1,d7_bleo,natural_progression,0.0,1703,llm_agent,main,GSM8281388_V10A20-072-C1__natural_progression__dose000__seed1703__llm_agent
GSM8281388_V10A20-072-C1,d7_bleo,TGFB_blockade,0.25,1703,llm_agent,main,GSM8281388_V10A20-072-C1__TGFB_blockade__dose025__seed1703__llm_agent
GSM8281388_V10A20-072-C1,d7_bleo,TGFB_blockade,0.5,1703,llm_agent,main,GSM8281388_V10A20-072-C1__TGFB_blockade__dose050__seed1703__llm_agent
GSM8281388_V10A20-072-C1,d7_bleo,TGFB_blockade,0.75,1703,llm_agent,main,GSM8281388_V10A20-072-C1__TGFB_blockade__dose075__seed1703__llm_agent
GSM8281388_V10A20-072-C1,d7_bleo,macrophage_SPP1_APOE_suppression,0.25,1703,llm_agent,main,GSM8281388_V10A20-072-C1__macrophage_SPP1_APOE_suppression__dose025__seed1703__llm_agent
GSM8281388_V10A20-072-C1,d7_bleo,macrophage_SPP1_APOE_suppression,0.5,1703,llm_agent,main,GSM8281388_V10A20-072-C1__macrophage_SPP1_APOE_suppression__dose050__seed1703__llm_agent
GSM8281388_V10A20-072-C1,d7_bleo,macrophage_SPP1_APOE_suppression,0.75,1703,llm_agent,main,GSM8281388_V10A20-072-C1__macrophage_SPP1_APOE_suppression__dose075__seed1703__llm_agent
GSM8281388_V10A20-072-C1,d7_bleo,epithelial_repair_promotion,0.25,1703,llm_agent,main,GSM8281388_V10A20-072-C1__epithelial_repair_promotion__dose025__seed1703__llm_agent
GSM8281388_V10A20-072-C1,d7_bleo,epithelial_repair_promotion,0.5,1703,llm_agent,main,GSM8281388_V10A20-072-C1__epithelial_repair_promotion__dose050__seed1703__llm_agent
GSM8281388_V10A20-072-C1,d7_bleo,epithelial_repair_promotion,0.75,1703,llm_agent,main,GSM8281388_V10A20-072-C1__epithelial_repair_promotion__dose075__seed1703__llm_agent
GSM8281388_V10A20-072-C1,d7_bleo,fibroblast_ECM_suppression,0.25,1703,llm_agent,main,GSM8281388_V10A20-072-C1__fibroblast_ECM_suppression__dose025__seed1703__llm_agent
GSM8281388_V10A20-072-C1,d7_bleo,fibroblast_ECM_suppression,0.5,1703,llm_agent,main,GSM8281388_V10A20-072-C1__fibroblast_ECM_suppression__dose050__seed1703__llm_agent
GSM8281388_V10A20-072-C1,d7_bleo,fibroblast_ECM_suppression,0.75,1703,llm_agent,main,GSM8281388_V10A20-072-C1__fibroblast_ECM_suppression__dose075__seed1703__llm_agent
GSM8281388_V10A20-072-C1,d7_bleo,diffusion_only,0.0,1703,diffusion_only,ablation,GSM8281388_V10A20-072-C1__diffusion_only__dose000__seed1703__diffusion_only
GSM8281388_V10A20-072-C1,d7_bleo,rule_agent,0.0,1703,rule_agent,ablation,GSM8281388_V10A20-072-C1__rule_agent__dose000__seed1703__rule_agent
GSM8281389_V10A20-072-D1,d7_bleo,natural_progression,0.0,1701,llm_agent,main,GSM8281389_V10A20-072-D1__natural_progression__dose000__seed1701__llm_agent
GSM8281389_V10A20-072-D1,d7_bleo,TGFB_blockade,0.25,1701,llm_agent,main,GSM8281389_V10A20-072-D1__TGFB_blockade__dose025__seed1701__llm_agent
GSM8281389_V10A20-072-D1,d7_bleo,TGFB_blockade,0.5,1701,llm_agent,main,GSM8281389_V10A20-072-D1__TGFB_blockade__dose050__seed1701__llm_agent
GSM8281389_V10A20-072-D1,d7_bleo,TGFB_blockade,0.75,1701,llm_agent,main,GSM8281389_V10A20-072-D1__TGFB_blockade__dose075__seed1701__llm_agent
GSM8281389_V10A20-072-D1,d7_bleo,macrophage_SPP1_APOE_suppression,0.25,1701,llm_agent,main,GSM8281389_V10A20-072-D1__macrophage_SPP1_APOE_suppression__dose025__seed1701__llm_agent
GSM8281389_V10A20-072-D1,d7_bleo,macrophage_SPP1_APOE_suppression,0.5,1701,llm_agent,main,GSM8281389_V10A20-072-D1__macrophage_SPP1_APOE_suppression__dose050__seed1701__llm_agent
GSM8281389_V10A20-072-D1,d7_bleo,macrophage_SPP1_APOE_suppression,0.75,1701,llm_agent,main,GSM8281389_V10A20-072-D1__macrophage_SPP1_APOE_suppression__dose075__seed1701__llm_agent
GSM8281389_V10A20-072-D1,d7_bleo,epithelial_repair_promotion,0.25,1701,llm_agent,main,GSM8281389_V10A20-072-D1__epithelial_repair_promotion__dose025__seed1701__llm_agent
GSM8281389_V10A20-072-D1,d7_bleo,epithelial_repair_promotion,0.5,1701,llm_agent,main,GSM8281389_V10A20-072-D1__epithelial_repair_promotion__dose050__seed1701__llm_agent
GSM8281389_V10A20-072-D1,d7_bleo,epithelial_repair_promotion,0.75,1701,llm_agent,main,GSM8281389_V10A20-072-D1__epithelial_repair_promotion__dose075__seed1701__llm_agent
GSM8281389_V10A20-072-D1,d7_bleo,fibroblast_ECM_suppression,0.25,1701,llm_agent,main,GSM8281389_V10A20-072-D1__fibroblast_ECM_suppression__dose025__seed1701__llm_agent
GSM8281389_V10A20-072-D1,d7_bleo,fibroblast_ECM_suppression,0.5,1701,llm_agent,main,GSM8281389_V10A20-072-D1__fibroblast_ECM_suppression__dose050__seed1701__llm_agent
GSM8281389_V10A20-072-D1,d7_bleo,fibroblast_ECM_suppression,0.75,1701,llm_agent,main,GSM8281389_V10A20-072-D1__fibroblast_ECM_suppression__dose075__seed1701__llm_agent
GSM8281389_V10A20-072-D1,d7_bleo,diffusion_only,0.0,1701,diffusion_only,ablation,GSM8281389_V10A20-072-D1__diffusion_only__dose000__seed1701__diffusion_only
GSM8281389_V10A20-072-D1,d7_bleo,rule_agent,0.0,1701,rule_agent,ablation,GSM8281389_V10A20-072-D1__rule_agent__dose000__seed1701__rule_agent
GSM8281389_V10A20-072-D1,d7_bleo,natural_progression,0.0,1702,llm_agent,main,GSM8281389_V10A20-072-D1__natural_progression__dose000__seed1702__llm_agent
GSM8281389_V10A20-072-D1,d7_bleo,TGFB_blockade,0.25,1702,llm_agent,main,GSM8281389_V10A20-072-D1__TGFB_blockade__dose025__seed1702__llm_agent
GSM8281389_V10A20-072-D1,d7_bleo,TGFB_blockade,0.5,1702,llm_agent,main,GSM8281389_V10A20-072-D1__TGFB_blockade__dose050__seed1702__llm_agent
GSM8281389_V10A20-072-D1,d7_bleo,TGFB_blockade,0.75,1702,llm_agent,main,GSM8281389_V10A20-072-D1__TGFB_blockade__dose075__seed1702__llm_agent
GSM8281389_V10A20-072-D1,d7_bleo,macrophage_SPP1_APOE_suppression,0.25,1702,llm_agent,main,GSM8281389_V10A20-072-D1__macrophage_SPP1_APOE_suppression__dose025__seed1702__llm_agent
GSM8281389_V10A20-072-D1,d7_bleo,macrophage_SPP1_APOE_suppression,0.5,1702,llm_agent,main,GSM8281389_V10A20-072-D1__macrophage_SPP1_APOE_suppression__dose050__seed1702__llm_agent
GSM8281389_V10A20-072-D1,d7_bleo,macrophage_SPP1_APOE_suppression,0.75,1702,llm_agent,main,GSM8281389_V10A20-072-D1__macrophage_SPP1_APOE_suppression__dose075__seed1702__llm_agent
GSM8281389_V10A20-072-D1,d7_bleo,epithelial_repair_promotion,0.25,1702,llm_agent,main,GSM8281389_V10A20-072-D1__epithelial_repair_promotion__dose025__seed1702__llm_agent
GSM8281389_V10A20-072-D1,d7_bleo,epithelial_repair_promotion,0.5,1702,llm_agent,main,GSM8281389_V10A20-072-D1__epithelial_repair_promotion__dose050__seed1702__llm_agent
GSM8281389_V10A20-072-D1,d7_bleo,epithelial_repair_promotion,0.75,1702,llm_agent,main,GSM8281389_V10A20-072-D1__epithelial_repair_promotion__dose075__seed1702__llm_agent
GSM8281389_V10A20-072-D1,d7_bleo,fibroblast_ECM_suppression,0.25,1702,llm_agent,main,GSM8281389_V10A20-072-D1__fibroblast_ECM_suppression__dose025__seed1702__llm_agent
GSM8281389_V10A20-072-D1,d7_bleo,fibroblast_ECM_suppression,0.5,1702,llm_agent,main,GSM8281389_V10A20-072-D1__fibroblast_ECM_suppression__dose050__seed1702__llm_agent
GSM8281389_V10A20-072-D1,d7_bleo,fibroblast_ECM_suppression,0.75,1702,llm_agent,main,GSM8281389_V10A20-072-D1__fibroblast_ECM_suppression__dose075__seed1702__llm_agent
GSM8281389_V10A20-072-D1,d7_bleo,diffusion_only,0.0,1702,diffusion_only,ablation,GSM8281389_V10A20-072-D1__diffusion_only__dose000__seed1702__diffusion_only
GSM8281389_V10A20-072-D1,d7_bleo,rule_agent,0.0,1702,rule_agent,ablation,GSM8281389_V10A20-072-D1__rule_agent__dose000__seed1702__rule_agent
GSM8281389_V10A20-072-D1,d7_bleo,natural_progression,0.0,1703,llm_agent,main,GSM8281389_V10A20-072-D1__natural_progression__dose000__seed1703__llm_agent
GSM8281389_V10A20-072-D1,d7_bleo,TGFB_blockade,0.25,1703,llm_agent,main,GSM8281389_V10A20-072-D1__TGFB_blockade__dose025__seed1703__llm_agent
GSM8281389_V10A20-072-D1,d7_bleo,TGFB_blockade,0.5,1703,llm_agent,main,GSM8281389_V10A20-072-D1__TGFB_blockade__dose050__seed1703__llm_agent
GSM8281389_V10A20-072-D1,d7_bleo,TGFB_blockade,0.75,1703,llm_agent,main,GSM8281389_V10A20-072-D1__TGFB_blockade__dose075__seed1703__llm_agent
GSM8281389_V10A20-072-D1,d7_bleo,macrophage_SPP1_APOE_suppression,0.25,1703,llm_agent,main,GSM8281389_V10A20-072-D1__macrophage_SPP1_APOE_suppression__dose025__seed1703__llm_agent
GSM8281389_V10A20-072-D1,d7_bleo,macrophage_SPP1_APOE_suppression,0.5,1703,llm_agent,main,GSM8281389_V10A20-072-D1__macrophage_SPP1_APOE_suppression__dose050__seed1703__llm_agent
GSM8281389_V10A20-072-D1,d7_bleo,macrophage_SPP1_APOE_suppression,0.75,1703,llm_agent,main,GSM8281389_V10A20-072-D1__macrophage_SPP1_APOE_suppression__dose075__seed1703__llm_agent
GSM8281389_V10A20-072-D1,d7_bleo,epithelial_repair_promotion,0.25,1703,llm_agent,main,GSM8281389_V10A20-072-D1__epithelial_repair_promotion__dose025__seed1703__llm_agent
GSM8281389_V10A20-072-D1,d7_bleo,epithelial_repair_promotion,0.5,1703,llm_agent,main,GSM8281389_V10A20-072-D1__epithelial_repair_promotion__dose050__seed1703__llm_agent
GSM8281389_V10A20-072-D1,d7_bleo,epithelial_repair_promotion,0.75,1703,llm_agent,main,GSM8281389_V10A20-072-D1__epithelial_repair_promotion__dose075__seed1703__llm_agent
GSM8281389_V10A20-072-D1,d7_bleo,fibroblast_ECM_suppression,0.25,1703,llm_agent,main,GSM8281389_V10A20-072-D1__fibroblast_ECM_suppression__dose025__seed1703__llm_agent
GSM8281389_V10A20-072-D1,d7_bleo,fibroblast_ECM_suppression,0.5,1703,llm_agent,main,GSM8281389_V10A20-072-D1__fibroblast_ECM_suppression__dose050__seed1703__llm_agent
GSM8281389_V10A20-072-D1,d7_bleo,fibroblast_ECM_suppression,0.75,1703,llm_agent,main,GSM8281389_V10A20-072-D1__fibroblast_ECM_suppression__dose075__seed1703__llm_agent
GSM8281389_V10A20-072-D1,d7_bleo,diffusion_only,0.0,1703,diffusion_only,ablation,GSM8281389_V10A20-072-D1__diffusion_only__dose000__seed1703__diffusion_only
GSM8281389_V10A20-072-D1,d7_bleo,rule_agent,0.0,1703,rule_agent,ablation,GSM8281389_V10A20-072-D1__rule_agent__dose000__seed1703__rule_agent
GSM8281390_V10A20-074-B1,d7_bleo,natural_progression,0.0,1701,llm_agent,main,GSM8281390_V10A20-074-B1__natural_progression__dose000__seed1701__llm_agent
GSM8281390_V10A20-074-B1,d7_bleo,TGFB_blockade,0.25,1701,llm_agent,main,GSM8281390_V10A20-074-B1__TGFB_blockade__dose025__seed1701__llm_agent
GSM8281390_V10A20-074-B1,d7_bleo,TGFB_blockade,0.5,1701,llm_agent,main,GSM8281390_V10A20-074-B1__TGFB_blockade__dose050__seed1701__llm_agent
GSM8281390_V10A20-074-B1,d7_bleo,TGFB_blockade,0.75,1701,llm_agent,main,GSM8281390_V10A20-074-B1__TGFB_blockade__dose075__seed1701__llm_agent
GSM8281390_V10A20-074-B1,d7_bleo,macrophage_SPP1_APOE_suppression,0.25,1701,llm_agent,main,GSM8281390_V10A20-074-B1__macrophage_SPP1_APOE_suppression__dose025__seed1701__llm_agent
GSM8281390_V10A20-074-B1,d7_bleo,macrophage_SPP1_APOE_suppression,0.5,1701,llm_agent,main,GSM8281390_V10A20-074-B1__macrophage_SPP1_APOE_suppression__dose050__seed1701__llm_agent
GSM8281390_V10A20-074-B1,d7_bleo,macrophage_SPP1_APOE_suppression,0.75,1701,llm_agent,main,GSM8281390_V10A20-074-B1__macrophage_SPP1_APOE_suppression__dose075__seed1701__llm_agent
GSM8281390_V10A20-074-B1,d7_bleo,epithelial_repair_promotion,0.25,1701,llm_agent,main,GSM8281390_V10A20-074-B1__epithelial_repair_promotion__dose025__seed1701__llm_agent
GSM8281390_V10A20-074-B1,d7_bleo,epithelial_repair_promotion,0.5,1701,llm_agent,main,GSM8281390_V10A20-074-B1__epithelial_repair_promotion__dose050__seed1701__llm_agent
GSM8281390_V10A20-074-B1,d7_bleo,epithelial_repair_promotion,0.75,1701,llm_agent,main,GSM8281390_V10A20-074-B1__epithelial_repair_promotion__dose075__seed1701__llm_agent
GSM8281390_V10A20-074-B1,d7_bleo,fibroblast_ECM_suppression,0.25,1701,llm_agent,main,GSM8281390_V10A20-074-B1__fibroblast_ECM_suppression__dose025__seed1701__llm_agent
GSM8281390_V10A20-074-B1,d7_bleo,fibroblast_ECM_suppression,0.5,1701,llm_agent,main,GSM8281390_V10A20-074-B1__fibroblast_ECM_suppression__dose050__seed1701__llm_agent
GSM8281390_V10A20-074-B1,d7_bleo,fibroblast_ECM_suppression,0.75,1701,llm_agent,main,GSM8281390_V10A20-074-B1__fibroblast_ECM_suppression__dose075__seed1701__llm_agent
GSM8281390_V10A20-074-B1,d7_bleo,diffusion_only,0.0,1701,diffusion_only,ablation,GSM8281390_V10A20-074-B1__diffusion_only__dose000__seed1701__diffusion_only
GSM8281390_V10A20-074-B1,d7_bleo,rule_agent,0.0,1701,rule_agent,ablation,GSM8281390_V10A20-074-B1__rule_agent__dose000__seed1701__rule_agent
GSM8281390_V10A20-074-B1,d7_bleo,natural_progression,0.0,1702,llm_agent,main,GSM8281390_V10A20-074-B1__natural_progression__dose000__seed1702__llm_agent
GSM8281390_V10A20-074-B1,d7_bleo,TGFB_blockade,0.25,1702,llm_agent,main,GSM8281390_V10A20-074-B1__TGFB_blockade__dose025__seed1702__llm_agent
GSM8281390_V10A20-074-B1,d7_bleo,TGFB_blockade,0.5,1702,llm_agent,main,GSM8281390_V10A20-074-B1__TGFB_blockade__dose050__seed1702__llm_agent
GSM8281390_V10A20-074-B1,d7_bleo,TGFB_blockade,0.75,1702,llm_agent,main,GSM8281390_V10A20-074-B1__TGFB_blockade__dose075__seed1702__llm_agent
GSM8281390_V10A20-074-B1,d7_bleo,macrophage_SPP1_APOE_suppression,0.25,1702,llm_agent,main,GSM8281390_V10A20-074-B1__macrophage_SPP1_APOE_suppression__dose025__seed1702__llm_agent
GSM8281390_V10A20-074-B1,d7_bleo,macrophage_SPP1_APOE_suppression,0.5,1702,llm_agent,main,GSM8281390_V10A20-074-B1__macrophage_SPP1_APOE_suppression__dose050__seed1702__llm_agent
GSM8281390_V10A20-074-B1,d7_bleo,macrophage_SPP1_APOE_suppression,0.75,1702,llm_agent,main,GSM8281390_V10A20-074-B1__macrophage_SPP1_APOE_suppression__dose075__seed1702__llm_agent
GSM8281390_V10A20-074-B1,d7_bleo,epithelial_repair_promotion,0.25,1702,llm_agent,main,GSM8281390_V10A20-074-B1__epithelial_repair_promotion__dose025__seed1702__llm_agent
GSM8281390_V10A20-074-B1,d7_bleo,epithelial_repair_promotion,0.5,1702,llm_agent,main,GSM8281390_V10A20-074-B1__epithelial_repair_promotion__dose050__seed1702__llm_agent
GSM8281390_V10A20-074-B1,d7_bleo,epithelial_repair_promotion,0.75,1702,llm_agent,main,GSM8281390_V10A20-074-B1__epithelial_repair_promotion__dose075__seed1702__llm_agent
GSM8281390_V10A20-074-B1,d7_bleo,fibroblast_ECM_suppression,0.25,1702,llm_agent,main,GSM8281390_V10A20-074-B1__fibroblast_ECM_suppression__dose025__seed1702__llm_agent
GSM8281390_V10A20-074-B1,d7_bleo,fibroblast_ECM_suppression,0.5,1702,llm_agent,main,GSM8281390_V10A20-074-B1__fibroblast_ECM_suppression__dose050__seed1702__llm_agent
GSM8281390_V10A20-074-B1,d7_bleo,fibroblast_ECM_suppression,0.75,1702,llm_agent,main,GSM8281390_V10A20-074-B1__fibroblast_ECM_suppression__dose075__seed1702__llm_agent
GSM8281390_V10A20-074-B1,d7_bleo,diffusion_only,0.0,1702,diffusion_only,ablation,GSM8281390_V10A20-074-B1__diffusion_only__dose000__seed1702__diffusion_only
GSM8281390_V10A20-074-B1,d7_bleo,rule_agent,0.0,1702,rule_agent,ablation,GSM8281390_V10A20-074-B1__rule_agent__dose000__seed1702__rule_agent
GSM8281390_V10A20-074-B1,d7_bleo,natural_progression,0.0,1703,llm_agent,main,GSM8281390_V10A20-074-B1__natural_progression__dose000__seed1703__llm_agent
GSM8281390_V10A20-074-B1,d7_bleo,TGFB_blockade,0.25,1703,llm_agent,main,GSM8281390_V10A20-074-B1__TGFB_blockade__dose025__seed1703__llm_agent
GSM8281390_V10A20-074-B1,d7_bleo,TGFB_blockade,0.5,1703,llm_agent,main,GSM8281390_V10A20-074-B1__TGFB_blockade__dose050__seed1703__llm_agent
GSM8281390_V10A20-074-B1,d7_bleo,TGFB_blockade,0.75,1703,llm_agent,main,GSM8281390_V10A20-074-B1__TGFB_blockade__dose075__seed1703__llm_agent
GSM8281390_V10A20-074-B1,d7_bleo,macrophage_SPP1_APOE_suppression,0.25,1703,llm_agent,main,GSM8281390_V10A20-074-B1__macrophage_SPP1_APOE_suppression__dose025__seed1703__llm_agent
GSM8281390_V10A20-074-B1,d7_bleo,macrophage_SPP1_APOE_suppression,0.5,1703,llm_agent,main,GSM8281390_V10A20-074-B1__macrophage_SPP1_APOE_suppression__dose050__seed1703__llm_agent
GSM8281390_V10A20-074-B1,d7_bleo,macrophage_SPP1_APOE_suppression,0.75,1703,llm_agent,main,GSM8281390_V10A20-074-B1__macrophage_SPP1_APOE_suppression__dose075__seed1703__llm_agent
GSM8281390_V10A20-074-B1,d7_bleo,epithelial_repair_promotion,0.25,1703,llm_agent,main,GSM8281390_V10A20-074-B1__epithelial_repair_promotion__dose025__seed1703__llm_agent
GSM8281390_V10A20-074-B1,d7_bleo,epithelial_repair_promotion,0.5,1703,llm_agent,main,GSM8281390_V10A20-074-B1__epithelial_repair_promotion__dose050__seed1703__llm_agent
GSM8281390_V10A20-074-B1,d7_bleo,epithelial_repair_promotion,0.75,1703,llm_agent,main,GSM8281390_V10A20-074-B1__epithelial_repair_promotion__dose075__seed1703__llm_agent
GSM8281390_V10A20-074-B1,d7_bleo,fibroblast_ECM_suppression,0.25,1703,llm_agent,main,GSM8281390_V10A20-074-B1__fibroblast_ECM_suppression__dose025__seed1703__llm_agent
GSM8281390_V10A20-074-B1,d7_bleo,fibroblast_ECM_suppression,0.5,1703,llm_agent,main,GSM8281390_V10A20-074-B1__fibroblast_ECM_suppression__dose050__seed1703__llm_agent
GSM8281390_V10A20-074-B1,d7_bleo,fibroblast_ECM_suppression,0.75,1703,llm_agent,main,GSM8281390_V10A20-074-B1__fibroblast_ECM_suppression__dose075__seed1703__llm_agent
GSM8281390_V10A20-074-B1,d7_bleo,diffusion_only,0.0,1703,diffusion_only,ablation,GSM8281390_V10A20-074-B1__diffusion_only__dose000__seed1703__diffusion_only
GSM8281390_V10A20-074-B1,d7_bleo,rule_agent,0.0,1703,rule_agent,ablation,GSM8281390_V10A20-074-B1__rule_agent__dose000__seed1703__rule_agent
GSM8281391_V10A20-074-C1,d7_bleo,natural_progression,0.0,1701,llm_agent,main,GSM8281391_V10A20-074-C1__natural_progression__dose000__seed1701__llm_agent
GSM8281391_V10A20-074-C1,d7_bleo,TGFB_blockade,0.25,1701,llm_agent,main,GSM8281391_V10A20-074-C1__TGFB_blockade__dose025__seed1701__llm_agent
GSM8281391_V10A20-074-C1,d7_bleo,TGFB_blockade,0.5,1701,llm_agent,main,GSM8281391_V10A20-074-C1__TGFB_blockade__dose050__seed1701__llm_agent
GSM8281391_V10A20-074-C1,d7_bleo,TGFB_blockade,0.75,1701,llm_agent,main,GSM8281391_V10A20-074-C1__TGFB_blockade__dose075__seed1701__llm_agent
GSM8281391_V10A20-074-C1,d7_bleo,macrophage_SPP1_APOE_suppression,0.25,1701,llm_agent,main,GSM8281391_V10A20-074-C1__macrophage_SPP1_APOE_suppression__dose025__seed1701__llm_agent
GSM8281391_V10A20-074-C1,d7_bleo,macrophage_SPP1_APOE_suppression,0.5,1701,llm_agent,main,GSM8281391_V10A20-074-C1__macrophage_SPP1_APOE_suppression__dose050__seed1701__llm_agent
GSM8281391_V10A20-074-C1,d7_bleo,macrophage_SPP1_APOE_suppression,0.75,1701,llm_agent,main,GSM8281391_V10A20-074-C1__macrophage_SPP1_APOE_suppression__dose075__seed1701__llm_agent
GSM8281391_V10A20-074-C1,d7_bleo,epithelial_repair_promotion,0.25,1701,llm_agent,main,GSM8281391_V10A20-074-C1__epithelial_repair_promotion__dose025__seed1701__llm_agent
GSM8281391_V10A20-074-C1,d7_bleo,epithelial_repair_promotion,0.5,1701,llm_agent,main,GSM8281391_V10A20-074-C1__epithelial_repair_promotion__dose050__seed1701__llm_agent
GSM8281391_V10A20-074-C1,d7_bleo,epithelial_repair_promotion,0.75,1701,llm_agent,main,GSM8281391_V10A20-074-C1__epithelial_repair_promotion__dose075__seed1701__llm_agent
GSM8281391_V10A20-074-C1,d7_bleo,fibroblast_ECM_suppression,0.25,1701,llm_agent,main,GSM8281391_V10A20-074-C1__fibroblast_ECM_suppression__dose025__seed1701__llm_agent
GSM8281391_V10A20-074-C1,d7_bleo,fibroblast_ECM_suppression,0.5,1701,llm_agent,main,GSM8281391_V10A20-074-C1__fibroblast_ECM_suppression__dose050__seed1701__llm_agent
GSM8281391_V10A20-074-C1,d7_bleo,fibroblast_ECM_suppression,0.75,1701,llm_agent,main,GSM8281391_V10A20-074-C1__fibroblast_ECM_suppression__dose075__seed1701__llm_agent
GSM8281391_V10A20-074-C1,d7_bleo,diffusion_only,0.0,1701,diffusion_only,ablation,GSM8281391_V10A20-074-C1__diffusion_only__dose000__seed1701__diffusion_only
GSM8281391_V10A20-074-C1,d7_bleo,rule_agent,0.0,1701,rule_agent,ablation,GSM8281391_V10A20-074-C1__rule_agent__dose000__seed1701__rule_agent
GSM8281391_V10A20-074-C1,d7_bleo,natural_progression,0.0,1702,llm_agent,main,GSM8281391_V10A20-074-C1__natural_progression__dose000__seed1702__llm_agent
GSM8281391_V10A20-074-C1,d7_bleo,TGFB_blockade,0.25,1702,llm_agent,main,GSM8281391_V10A20-074-C1__TGFB_blockade__dose025__seed1702__llm_agent
GSM8281391_V10A20-074-C1,d7_bleo,TGFB_blockade,0.5,1702,llm_agent,main,GSM8281391_V10A20-074-C1__TGFB_blockade__dose050__seed1702__llm_agent
GSM8281391_V10A20-074-C1,d7_bleo,TGFB_blockade,0.75,1702,llm_agent,main,GSM8281391_V10A20-074-C1__TGFB_blockade__dose075__seed1702__llm_agent
GSM8281391_V10A20-074-C1,d7_bleo,macrophage_SPP1_APOE_suppression,0.25,1702,llm_agent,main,GSM8281391_V10A20-074-C1__macrophage_SPP1_APOE_suppression__dose025__seed1702__llm_agent
GSM8281391_V10A20-074-C1,d7_bleo,macrophage_SPP1_APOE_suppression,0.5,1702,llm_agent,main,GSM8281391_V10A20-074-C1__macrophage_SPP1_APOE_suppression__dose050__seed1702__llm_agent
GSM8281391_V10A20-074-C1,d7_bleo,macrophage_SPP1_APOE_suppression,0.75,1702,llm_agent,main,GSM8281391_V10A20-074-C1__macrophage_SPP1_APOE_suppression__dose075__seed1702__llm_agent
GSM8281391_V10A20-074-C1,d7_bleo,epithelial_repair_promotion,0.25,1702,llm_agent,main,GSM8281391_V10A20-074-C1__epithelial_repair_promotion__dose025__seed1702__llm_agent
GSM8281391_V10A20-074-C1,d7_bleo,epithelial_repair_promotion,0.5,1702,llm_agent,main,GSM8281391_V10A20-074-C1__epithelial_repair_promotion__dose050__seed1702__llm_agent
GSM8281391_V10A20-074-C1,d7_bleo,epithelial_repair_promotion,0.75,1702,llm_agent,main,GSM8281391_V10A20-074-C1__epithelial_repair_promotion__dose075__seed1702__llm_agent
GSM8281391_V10A20-074-C1,d7_bleo,fibroblast_ECM_suppression,0.25,1702,llm_agent,main,GSM8281391_V10A20-074-C1__fibroblast_ECM_suppression__dose025__seed1702__llm_agent
GSM8281391_V10A20-074-C1,d7_bleo,fibroblast_ECM_suppression,0.5,1702,llm_agent,main,GSM8281391_V10A20-074-C1__fibroblast_ECM_suppression__dose050__seed1702__llm_agent
GSM8281391_V10A20-074-C1,d7_bleo,fibroblast_ECM_suppression,0.75,1702,llm_agent,main,GSM8281391_V10A20-074-C1__fibroblast_ECM_suppression__dose075__seed1702__llm_agent
GSM8281391_V10A20-074-C1,d7_bleo,diffusion_only,0.0,1702,diffusion_only,ablation,GSM8281391_V10A20-074-C1__diffusion_only__dose000__seed1702__diffusion_only
GSM8281391_V10A20-074-C1,d7_bleo,rule_agent,0.0,1702,rule_agent,ablation,GSM8281391_V10A20-074-C1__rule_agent__dose000__seed1702__rule_agent
GSM8281391_V10A20-074-C1,d7_bleo,natural_progression,0.0,1703,llm_agent,main,GSM8281391_V10A20-074-C1__natural_progression__dose000__seed1703__llm_agent
GSM8281391_V10A20-074-C1,d7_bleo,TGFB_blockade,0.25,1703,llm_agent,main,GSM8281391_V10A20-074-C1__TGFB_blockade__dose025__seed1703__llm_agent
GSM8281391_V10A20-074-C1,d7_bleo,TGFB_blockade,0.5,1703,llm_agent,main,GSM8281391_V10A20-074-C1__TGFB_blockade__dose050__seed1703__llm_agent
GSM8281391_V10A20-074-C1,d7_bleo,TGFB_blockade,0.75,1703,llm_agent,main,GSM8281391_V10A20-074-C1__TGFB_blockade__dose075__seed1703__llm_agent
GSM8281391_V10A20-074-C1,d7_bleo,macrophage_SPP1_APOE_suppression,0.25,1703,llm_agent,main,GSM8281391_V10A20-074-C1__macrophage_SPP1_APOE_suppression__dose025__seed1703__llm_agent
GSM8281391_V10A20-074-C1,d7_bleo,macrophage_SPP1_APOE_suppression,0.5,1703,llm_agent,main,GSM8281391_V10A20-074-C1__macrophage_SPP1_APOE_suppression__dose050__seed1703__llm_agent
GSM8281391_V10A20-074-C1,d7_bleo,macrophage_SPP1_APOE_suppression,0.75,1703,llm_agent,main,GSM8281391_V10A20-074-C1__macrophage_SPP1_APOE_suppression__dose075__seed1703__llm_agent
GSM8281391_V10A20-074-C1,d7_bleo,epithelial_repair_promotion,0.25,1703,llm_agent,main,GSM8281391_V10A20-074-C1__epithelial_repair_promotion__dose025__seed1703__llm_agent
GSM8281391_V10A20-074-C1,d7_bleo,epithelial_repair_promotion,0.5,1703,llm_agent,main,GSM8281391_V10A20-074-C1__epithelial_repair_promotion__dose050__seed1703__llm_agent
GSM8281391_V10A20-074-C1,d7_bleo,epithelial_repair_promotion,0.75,1703,llm_agent,main,GSM8281391_V10A20-074-C1__epithelial_repair_promotion__dose075__seed1703__llm_agent
GSM8281391_V10A20-074-C1,d7_bleo,fibroblast_ECM_suppression,0.25,1703,llm_agent,main,GSM8281391_V10A20-074-C1__fibroblast_ECM_suppression__dose025__seed1703__llm_agent
GSM8281391_V10A20-074-C1,d7_bleo,fibroblast_ECM_suppression,0.5,1703,llm_agent,main,GSM8281391_V10A20-074-C1__fibroblast_ECM_suppression__dose050__seed1703__llm_agent
GSM8281391_V10A20-074-C1,d7_bleo,fibroblast_ECM_suppression,0.75,1703,llm_agent,main,GSM8281391_V10A20-074-C1__fibroblast_ECM_suppression__dose075__seed1703__llm_agent
GSM8281391_V10A20-074-C1,d7_bleo,diffusion_only,0.0,1703,diffusion_only,ablation,GSM8281391_V10A20-074-C1__diffusion_only__dose000__seed1703__diffusion_only
GSM8281391_V10A20-074-C1,d7_bleo,rule_agent,0.0,1703,rule_agent,ablation,GSM8281391_V10A20-074-C1__rule_agent__dose000__seed1703__rule_agent
GSM8281392_V10A20-074-D1,d7_bleo,natural_progression,0.0,1701,llm_agent,main,GSM8281392_V10A20-074-D1__natural_progression__dose000__seed1701__llm_agent
GSM8281392_V10A20-074-D1,d7_bleo,TGFB_blockade,0.25,1701,llm_agent,main,GSM8281392_V10A20-074-D1__TGFB_blockade__dose025__seed1701__llm_agent
GSM8281392_V10A20-074-D1,d7_bleo,TGFB_blockade,0.5,1701,llm_agent,main,GSM8281392_V10A20-074-D1__TGFB_blockade__dose050__seed1701__llm_agent
GSM8281392_V10A20-074-D1,d7_bleo,TGFB_blockade,0.75,1701,llm_agent,main,GSM8281392_V10A20-074-D1__TGFB_blockade__dose075__seed1701__llm_agent
GSM8281392_V10A20-074-D1,d7_bleo,macrophage_SPP1_APOE_suppression,0.25,1701,llm_agent,main,GSM8281392_V10A20-074-D1__macrophage_SPP1_APOE_suppression__dose025__seed1701__llm_agent
GSM8281392_V10A20-074-D1,d7_bleo,macrophage_SPP1_APOE_suppression,0.5,1701,llm_agent,main,GSM8281392_V10A20-074-D1__macrophage_SPP1_APOE_suppression__dose050__seed1701__llm_agent
GSM8281392_V10A20-074-D1,d7_bleo,macrophage_SPP1_APOE_suppression,0.75,1701,llm_agent,main,GSM8281392_V10A20-074-D1__macrophage_SPP1_APOE_suppression__dose075__seed1701__llm_agent
GSM8281392_V10A20-074-D1,d7_bleo,epithelial_repair_promotion,0.25,1701,llm_agent,main,GSM8281392_V10A20-074-D1__epithelial_repair_promotion__dose025__seed1701__llm_agent
GSM8281392_V10A20-074-D1,d7_bleo,epithelial_repair_promotion,0.5,1701,llm_agent,main,GSM8281392_V10A20-074-D1__epithelial_repair_promotion__dose050__seed1701__llm_agent
GSM8281392_V10A20-074-D1,d7_bleo,epithelial_repair_promotion,0.75,1701,llm_agent,main,GSM8281392_V10A20-074-D1__epithelial_repair_promotion__dose075__seed1701__llm_agent
GSM8281392_V10A20-074-D1,d7_bleo,fibroblast_ECM_suppression,0.25,1701,llm_agent,main,GSM8281392_V10A20-074-D1__fibroblast_ECM_suppression__dose025__seed1701__llm_agent
GSM8281392_V10A20-074-D1,d7_bleo,fibroblast_ECM_suppression,0.5,1701,llm_agent,main,GSM8281392_V10A20-074-D1__fibroblast_ECM_suppression__dose050__seed1701__llm_agent
GSM8281392_V10A20-074-D1,d7_bleo,fibroblast_ECM_suppression,0.75,1701,llm_agent,main,GSM8281392_V10A20-074-D1__fibroblast_ECM_suppression__dose075__seed1701__llm_agent
GSM8281392_V10A20-074-D1,d7_bleo,diffusion_only,0.0,1701,diffusion_only,ablation,GSM8281392_V10A20-074-D1__diffusion_only__dose000__seed1701__diffusion_only
GSM8281392_V10A20-074-D1,d7_bleo,rule_agent,0.0,1701,rule_agent,ablation,GSM8281392_V10A20-074-D1__rule_agent__dose000__seed1701__rule_agent
GSM8281392_V10A20-074-D1,d7_bleo,natural_progression,0.0,1702,llm_agent,main,GSM8281392_V10A20-074-D1__natural_progression__dose000__seed1702__llm_agent
GSM8281392_V10A20-074-D1,d7_bleo,TGFB_blockade,0.25,1702,llm_agent,main,GSM8281392_V10A20-074-D1__TGFB_blockade__dose025__seed1702__llm_agent
GSM8281392_V10A20-074-D1,d7_bleo,TGFB_blockade,0.5,1702,llm_agent,main,GSM8281392_V10A20-074-D1__TGFB_blockade__dose050__seed1702__llm_agent
GSM8281392_V10A20-074-D1,d7_bleo,TGFB_blockade,0.75,1702,llm_agent,main,GSM8281392_V10A20-074-D1__TGFB_blockade__dose075__seed1702__llm_agent
GSM8281392_V10A20-074-D1,d7_bleo,macrophage_SPP1_APOE_suppression,0.25,1702,llm_agent,main,GSM8281392_V10A20-074-D1__macrophage_SPP1_APOE_suppression__dose025__seed1702__llm_agent
GSM8281392_V10A20-074-D1,d7_bleo,macrophage_SPP1_APOE_suppression,0.5,1702,llm_agent,main,GSM8281392_V10A20-074-D1__macrophage_SPP1_APOE_suppression__dose050__seed1702__llm_agent
GSM8281392_V10A20-074-D1,d7_bleo,macrophage_SPP1_APOE_suppression,0.75,1702,llm_agent,main,GSM8281392_V10A20-074-D1__macrophage_SPP1_APOE_suppression__dose075__seed1702__llm_agent
GSM8281392_V10A20-074-D1,d7_bleo,epithelial_repair_promotion,0.25,1702,llm_agent,main,GSM8281392_V10A20-074-D1__epithelial_repair_promotion__dose025__seed1702__llm_agent
GSM8281392_V10A20-074-D1,d7_bleo,epithelial_repair_promotion,0.5,1702,llm_agent,main,GSM8281392_V10A20-074-D1__epithelial_repair_promotion__dose050__seed1702__llm_agent
GSM8281392_V10A20-074-D1,d7_bleo,epithelial_repair_promotion,0.75,1702,llm_agent,main,GSM8281392_V10A20-074-D1__epithelial_repair_promotion__dose075__seed1702__llm_agent
GSM8281392_V10A20-074-D1,d7_bleo,fibroblast_ECM_suppression,0.25,1702,llm_agent,main,GSM8281392_V10A20-074-D1__fibroblast_ECM_suppression__dose025__seed1702__llm_agent
GSM8281392_V10A20-074-D1,d7_bleo,fibroblast_ECM_suppression,0.5,1702,llm_agent,main,GSM8281392_V10A20-074-D1__fibroblast_ECM_suppression__dose050__seed1702__llm_agent
GSM8281392_V10A20-074-D1,d7_bleo,fibroblast_ECM_suppression,0.75,1702,llm_agent,main,GSM8281392_V10A20-074-D1__fibroblast_ECM_suppression__dose075__seed1702__llm_agent
GSM8281392_V10A20-074-D1,d7_bleo,diffusion_only,0.0,1702,diffusion_only,ablation,GSM8281392_V10A20-074-D1__diffusion_only__dose000__seed1702__diffusion_only
GSM8281392_V10A20-074-D1,d7_bleo,rule_agent,0.0,1702,rule_agent,ablation,GSM8281392_V10A20-074-D1__rule_agent__dose000__seed1702__rule_agent
GSM8281392_V10A20-074-D1,d7_bleo,natural_progression,0.0,1703,llm_agent,main,GSM8281392_V10A20-074-D1__natural_progression__dose000__seed1703__llm_agent
GSM8281392_V10A20-074-D1,d7_bleo,TGFB_blockade,0.25,1703,llm_agent,main,GSM8281392_V10A20-074-D1__TGFB_blockade__dose025__seed1703__llm_agent
GSM8281392_V10A20-074-D1,d7_bleo,TGFB_blockade,0.5,1703,llm_agent,main,GSM8281392_V10A20-074-D1__TGFB_blockade__dose050__seed1703__llm_agent
GSM8281392_V10A20-074-D1,d7_bleo,TGFB_blockade,0.75,1703,llm_agent,main,GSM8281392_V10A20-074-D1__TGFB_blockade__dose075__seed1703__llm_agent
GSM8281392_V10A20-074-D1,d7_bleo,macrophage_SPP1_APOE_suppression,0.25,1703,llm_agent,main,GSM8281392_V10A20-074-D1__macrophage_SPP1_APOE_suppression__dose025__seed1703__llm_agent
GSM8281392_V10A20-074-D1,d7_bleo,macrophage_SPP1_APOE_suppression,0.5,1703,llm_agent,main,GSM8281392_V10A20-074-D1__macrophage_SPP1_APOE_suppression__dose050__seed1703__llm_agent
GSM8281392_V10A20-074-D1,d7_bleo,macrophage_SPP1_APOE_suppression,0.75,1703,llm_agent,main,GSM8281392_V10A20-074-D1__macrophage_SPP1_APOE_suppression__dose075__seed1703__llm_agent
GSM8281392_V10A20-074-D1,d7_bleo,epithelial_repair_promotion,0.25,1703,llm_agent,main,GSM8281392_V10A20-074-D1__epithelial_repair_promotion__dose025__seed1703__llm_agent
GSM8281392_V10A20-074-D1,d7_bleo,epithelial_repair_promotion,0.5,1703,llm_agent,main,GSM8281392_V10A20-074-D1__epithelial_repair_promotion__dose050__seed1703__llm_agent
GSM8281392_V10A20-074-D1,d7_bleo,epithelial_repair_promotion,0.75,1703,llm_agent,main,GSM8281392_V10A20-074-D1__epithelial_repair_promotion__dose075__seed1703__llm_agent
GSM8281392_V10A20-074-D1,d7_bleo,fibroblast_ECM_suppression,0.25,1703,llm_agent,main,GSM8281392_V10A20-074-D1__fibroblast_ECM_suppression__dose025__seed1703__llm_agent
GSM8281392_V10A20-074-D1,d7_bleo,fibroblast_ECM_suppression,0.5,1703,llm_agent,main,GSM8281392_V10A20-074-D1__fibroblast_ECM_suppression__dose050__seed1703__llm_agent
GSM8281392_V10A20-074-D1,d7_bleo,fibroblast_ECM_suppression,0.75,1703,llm_agent,main,GSM8281392_V10A20-074-D1__fibroblast_ECM_suppression__dose075__seed1703__llm_agent
GSM8281392_V10A20-074-D1,d7_bleo,diffusion_only,0.0,1703,diffusion_only,ablation,GSM8281392_V10A20-074-D1__diffusion_only__dose000__seed1703__diffusion_only
GSM8281392_V10A20-074-D1,d7_bleo,rule_agent,0.0,1703,rule_agent,ablation,GSM8281392_V10A20-074-D1__rule_agent__dose000__seed1703__rule_agent
GSM8281393_V10A20-073-B1,d7_bleo,natural_progression,0.0,1701,llm_agent,main,GSM8281393_V10A20-073-B1__natural_progression__dose000__seed1701__llm_agent
GSM8281393_V10A20-073-B1,d7_bleo,TGFB_blockade,0.25,1701,llm_agent,main,GSM8281393_V10A20-073-B1__TGFB_blockade__dose025__seed1701__llm_agent
GSM8281393_V10A20-073-B1,d7_bleo,TGFB_blockade,0.5,1701,llm_agent,main,GSM8281393_V10A20-073-B1__TGFB_blockade__dose050__seed1701__llm_agent
GSM8281393_V10A20-073-B1,d7_bleo,TGFB_blockade,0.75,1701,llm_agent,main,GSM8281393_V10A20-073-B1__TGFB_blockade__dose075__seed1701__llm_agent
GSM8281393_V10A20-073-B1,d7_bleo,macrophage_SPP1_APOE_suppression,0.25,1701,llm_agent,main,GSM8281393_V10A20-073-B1__macrophage_SPP1_APOE_suppression__dose025__seed1701__llm_agent
GSM8281393_V10A20-073-B1,d7_bleo,macrophage_SPP1_APOE_suppression,0.5,1701,llm_agent,main,GSM8281393_V10A20-073-B1__macrophage_SPP1_APOE_suppression__dose050__seed1701__llm_agent
GSM8281393_V10A20-073-B1,d7_bleo,macrophage_SPP1_APOE_suppression,0.75,1701,llm_agent,main,GSM8281393_V10A20-073-B1__macrophage_SPP1_APOE_suppression__dose075__seed1701__llm_agent
GSM8281393_V10A20-073-B1,d7_bleo,epithelial_repair_promotion,0.25,1701,llm_agent,main,GSM8281393_V10A20-073-B1__epithelial_repair_promotion__dose025__seed1701__llm_agent
GSM8281393_V10A20-073-B1,d7_bleo,epithelial_repair_promotion,0.5,1701,llm_agent,main,GSM8281393_V10A20-073-B1__epithelial_repair_promotion__dose050__seed1701__llm_agent
GSM8281393_V10A20-073-B1,d7_bleo,epithelial_repair_promotion,0.75,1701,llm_agent,main,GSM8281393_V10A20-073-B1__epithelial_repair_promotion__dose075__seed1701__llm_agent
GSM8281393_V10A20-073-B1,d7_bleo,fibroblast_ECM_suppression,0.25,1701,llm_agent,main,GSM8281393_V10A20-073-B1__fibroblast_ECM_suppression__dose025__seed1701__llm_agent
GSM8281393_V10A20-073-B1,d7_bleo,fibroblast_ECM_suppression,0.5,1701,llm_agent,main,GSM8281393_V10A20-073-B1__fibroblast_ECM_suppression__dose050__seed1701__llm_agent
GSM8281393_V10A20-073-B1,d7_bleo,fibroblast_ECM_suppression,0.75,1701,llm_agent,main,GSM8281393_V10A20-073-B1__fibroblast_ECM_suppression__dose075__seed1701__llm_agent
GSM8281393_V10A20-073-B1,d7_bleo,diffusion_only,0.0,1701,diffusion_only,ablation,GSM8281393_V10A20-073-B1__diffusion_only__dose000__seed1701__diffusion_only
GSM8281393_V10A20-073-B1,d7_bleo,rule_agent,0.0,1701,rule_agent,ablation,GSM8281393_V10A20-073-B1__rule_agent__dose000__seed1701__rule_agent
GSM8281393_V10A20-073-B1,d7_bleo,natural_progression,0.0,1702,llm_agent,main,GSM8281393_V10A20-073-B1__natural_progression__dose000__seed1702__llm_agent
GSM8281393_V10A20-073-B1,d7_bleo,TGFB_blockade,0.25,1702,llm_agent,main,GSM8281393_V10A20-073-B1__TGFB_blockade__dose025__seed1702__llm_agent
GSM8281393_V10A20-073-B1,d7_bleo,TGFB_blockade,0.5,1702,llm_agent,main,GSM8281393_V10A20-073-B1__TGFB_blockade__dose050__seed1702__llm_agent
GSM8281393_V10A20-073-B1,d7_bleo,TGFB_blockade,0.75,1702,llm_agent,main,GSM8281393_V10A20-073-B1__TGFB_blockade__dose075__seed1702__llm_agent
GSM8281393_V10A20-073-B1,d7_bleo,macrophage_SPP1_APOE_suppression,0.25,1702,llm_agent,main,GSM8281393_V10A20-073-B1__macrophage_SPP1_APOE_suppression__dose025__seed1702__llm_agent
GSM8281393_V10A20-073-B1,d7_bleo,macrophage_SPP1_APOE_suppression,0.5,1702,llm_agent,main,GSM8281393_V10A20-073-B1__macrophage_SPP1_APOE_suppression__dose050__seed1702__llm_agent
GSM8281393_V10A20-073-B1,d7_bleo,macrophage_SPP1_APOE_suppression,0.75,1702,llm_agent,main,GSM8281393_V10A20-073-B1__macrophage_SPP1_APOE_suppression__dose075__seed1702__llm_agent
GSM8281393_V10A20-073-B1,d7_bleo,epithelial_repair_promotion,0.25,1702,llm_agent,main,GSM8281393_V10A20-073-B1__epithelial_repair_promotion__dose025__seed1702__llm_agent
GSM8281393_V10A20-073-B1,d7_bleo,epithelial_repair_promotion,0.5,1702,llm_agent,main,GSM8281393_V10A20-073-B1__epithelial_repair_promotion__dose050__seed1702__llm_agent
GSM8281393_V10A20-073-B1,d7_bleo,epithelial_repair_promotion,0.75,1702,llm_agent,main,GSM8281393_V10A20-073-B1__epithelial_repair_promotion__dose075__seed1702__llm_agent
GSM8281393_V10A20-073-B1,d7_bleo,fibroblast_ECM_suppression,0.25,1702,llm_agent,main,GSM8281393_V10A20-073-B1__fibroblast_ECM_suppression__dose025__seed1702__llm_agent
GSM8281393_V10A20-073-B1,d7_bleo,fibroblast_ECM_suppression,0.5,1702,llm_agent,main,GSM8281393_V10A20-073-B1__fibroblast_ECM_suppression__dose050__seed1702__llm_agent
GSM8281393_V10A20-073-B1,d7_bleo,fibroblast_ECM_suppression,0.75,1702,llm_agent,main,GSM8281393_V10A20-073-B1__fibroblast_ECM_suppression__dose075__seed1702__llm_agent
GSM8281393_V10A20-073-B1,d7_bleo,diffusion_only,0.0,1702,diffusion_only,ablation,GSM8281393_V10A20-073-B1__diffusion_only__dose000__seed1702__diffusion_only
GSM8281393_V10A20-073-B1,d7_bleo,rule_agent,0.0,1702,rule_agent,ablation,GSM8281393_V10A20-073-B1__rule_agent__dose000__seed1702__rule_agent
GSM8281393_V10A20-073-B1,d7_bleo,natural_progression,0.0,1703,llm_agent,main,GSM8281393_V10A20-073-B1__natural_progression__dose000__seed1703__llm_agent
GSM8281393_V10A20-073-B1,d7_bleo,TGFB_blockade,0.25,1703,llm_agent,main,GSM8281393_V10A20-073-B1__TGFB_blockade__dose025__seed1703__llm_agent
GSM8281393_V10A20-073-B1,d7_bleo,TGFB_blockade,0.5,1703,llm_agent,main,GSM8281393_V10A20-073-B1__TGFB_blockade__dose050__seed1703__llm_agent
GSM8281393_V10A20-073-B1,d7_bleo,TGFB_blockade,0.75,1703,llm_agent,main,GSM8281393_V10A20-073-B1__TGFB_blockade__dose075__seed1703__llm_agent
GSM8281393_V10A20-073-B1,d7_bleo,macrophage_SPP1_APOE_suppression,0.25,1703,llm_agent,main,GSM8281393_V10A20-073-B1__macrophage_SPP1_APOE_suppression__dose025__seed1703__llm_agent
GSM8281393_V10A20-073-B1,d7_bleo,macrophage_SPP1_APOE_suppression,0.5,1703,llm_agent,main,GSM8281393_V10A20-073-B1__macrophage_SPP1_APOE_suppression__dose050__seed1703__llm_agent
GSM8281393_V10A20-073-B1,d7_bleo,macrophage_SPP1_APOE_suppression,0.75,1703,llm_agent,main,GSM8281393_V10A20-073-B1__macrophage_SPP1_APOE_suppression__dose075__seed1703__llm_agent
GSM8281393_V10A20-073-B1,d7_bleo,epithelial_repair_promotion,0.25,1703,llm_agent,main,GSM8281393_V10A20-073-B1__epithelial_repair_promotion__dose025__seed1703__llm_agent
GSM8281393_V10A20-073-B1,d7_bleo,epithelial_repair_promotion,0.5,1703,llm_agent,main,GSM8281393_V10A20-073-B1__epithelial_repair_promotion__dose050__seed1703__llm_agent
GSM8281393_V10A20-073-B1,d7_bleo,epithelial_repair_promotion,0.75,1703,llm_agent,main,GSM8281393_V10A20-073-B1__epithelial_repair_promotion__dose075__seed1703__llm_agent
GSM8281393_V10A20-073-B1,d7_bleo,fibroblast_ECM_suppression,0.25,1703,llm_agent,main,GSM8281393_V10A20-073-B1__fibroblast_ECM_suppression__dose025__seed1703__llm_agent
GSM8281393_V10A20-073-B1,d7_bleo,fibroblast_ECM_suppression,0.5,1703,llm_agent,main,GSM8281393_V10A20-073-B1__fibroblast_ECM_suppression__dose050__seed1703__llm_agent
GSM8281393_V10A20-073-B1,d7_bleo,fibroblast_ECM_suppression,0.75,1703,llm_agent,main,GSM8281393_V10A20-073-B1__fibroblast_ECM_suppression__dose075__seed1703__llm_agent
GSM8281393_V10A20-073-B1,d7_bleo,diffusion_only,0.0,1703,diffusion_only,ablation,GSM8281393_V10A20-073-B1__diffusion_only__dose000__seed1703__diffusion_only
GSM8281393_V10A20-073-B1,d7_bleo,rule_agent,0.0,1703,rule_agent,ablation,GSM8281393_V10A20-073-B1__rule_agent__dose000__seed1703__rule_agent
GSM8281394_V10A20-073-C1,d7_bleo,natural_progression,0.0,1701,llm_agent,main,GSM8281394_V10A20-073-C1__natural_progression__dose000__seed1701__llm_agent
GSM8281394_V10A20-073-C1,d7_bleo,TGFB_blockade,0.25,1701,llm_agent,main,GSM8281394_V10A20-073-C1__TGFB_blockade__dose025__seed1701__llm_agent
GSM8281394_V10A20-073-C1,d7_bleo,TGFB_blockade,0.5,1701,llm_agent,main,GSM8281394_V10A20-073-C1__TGFB_blockade__dose050__seed1701__llm_agent
GSM8281394_V10A20-073-C1,d7_bleo,TGFB_blockade,0.75,1701,llm_agent,main,GSM8281394_V10A20-073-C1__TGFB_blockade__dose075__seed1701__llm_agent
GSM8281394_V10A20-073-C1,d7_bleo,macrophage_SPP1_APOE_suppression,0.25,1701,llm_agent,main,GSM8281394_V10A20-073-C1__macrophage_SPP1_APOE_suppression__dose025__seed1701__llm_agent
GSM8281394_V10A20-073-C1,d7_bleo,macrophage_SPP1_APOE_suppression,0.5,1701,llm_agent,main,GSM8281394_V10A20-073-C1__macrophage_SPP1_APOE_suppression__dose050__seed1701__llm_agent
GSM8281394_V10A20-073-C1,d7_bleo,macrophage_SPP1_APOE_suppression,0.75,1701,llm_agent,main,GSM8281394_V10A20-073-C1__macrophage_SPP1_APOE_suppression__dose075__seed1701__llm_agent
GSM8281394_V10A20-073-C1,d7_bleo,epithelial_repair_promotion,0.25,1701,llm_agent,main,GSM8281394_V10A20-073-C1__epithelial_repair_promotion__dose025__seed1701__llm_agent
GSM8281394_V10A20-073-C1,d7_bleo,epithelial_repair_promotion,0.5,1701,llm_agent,main,GSM8281394_V10A20-073-C1__epithelial_repair_promotion__dose050__seed1701__llm_agent
GSM8281394_V10A20-073-C1,d7_bleo,epithelial_repair_promotion,0.75,1701,llm_agent,main,GSM8281394_V10A20-073-C1__epithelial_repair_promotion__dose075__seed1701__llm_agent
GSM8281394_V10A20-073-C1,d7_bleo,fibroblast_ECM_suppression,0.25,1701,llm_agent,main,GSM8281394_V10A20-073-C1__fibroblast_ECM_suppression__dose025__seed1701__llm_agent
GSM8281394_V10A20-073-C1,d7_bleo,fibroblast_ECM_suppression,0.5,1701,llm_agent,main,GSM8281394_V10A20-073-C1__fibroblast_ECM_suppression__dose050__seed1701__llm_agent
GSM8281394_V10A20-073-C1,d7_bleo,fibroblast_ECM_suppression,0.75,1701,llm_agent,main,GSM8281394_V10A20-073-C1__fibroblast_ECM_suppression__dose075__seed1701__llm_agent
GSM8281394_V10A20-073-C1,d7_bleo,diffusion_only,0.0,1701,diffusion_only,ablation,GSM8281394_V10A20-073-C1__diffusion_only__dose000__seed1701__diffusion_only
GSM8281394_V10A20-073-C1,d7_bleo,rule_agent,0.0,1701,rule_agent,ablation,GSM8281394_V10A20-073-C1__rule_agent__dose000__seed1701__rule_agent
GSM8281394_V10A20-073-C1,d7_bleo,natural_progression,0.0,1702,llm_agent,main,GSM8281394_V10A20-073-C1__natural_progression__dose000__seed1702__llm_agent
GSM8281394_V10A20-073-C1,d7_bleo,TGFB_blockade,0.25,1702,llm_agent,main,GSM8281394_V10A20-073-C1__TGFB_blockade__dose025__seed1702__llm_agent
GSM8281394_V10A20-073-C1,d7_bleo,TGFB_blockade,0.5,1702,llm_agent,main,GSM8281394_V10A20-073-C1__TGFB_blockade__dose050__seed1702__llm_agent
GSM8281394_V10A20-073-C1,d7_bleo,TGFB_blockade,0.75,1702,llm_agent,main,GSM8281394_V10A20-073-C1__TGFB_blockade__dose075__seed1702__llm_agent
GSM8281394_V10A20-073-C1,d7_bleo,macrophage_SPP1_APOE_suppression,0.25,1702,llm_agent,main,GSM8281394_V10A20-073-C1__macrophage_SPP1_APOE_suppression__dose025__seed1702__llm_agent
GSM8281394_V10A20-073-C1,d7_bleo,macrophage_SPP1_APOE_suppression,0.5,1702,llm_agent,main,GSM8281394_V10A20-073-C1__macrophage_SPP1_APOE_suppression__dose050__seed1702__llm_agent
GSM8281394_V10A20-073-C1,d7_bleo,macrophage_SPP1_APOE_suppression,0.75,1702,llm_agent,main,GSM8281394_V10A20-073-C1__macrophage_SPP1_APOE_suppression__dose075__seed1702__llm_agent
GSM8281394_V10A20-073-C1,d7_bleo,epithelial_repair_promotion,0.25,1702,llm_agent,main,GSM8281394_V10A20-073-C1__epithelial_repair_promotion__dose025__seed1702__llm_agent
GSM8281394_V10A20-073-C1,d7_bleo,epithelial_repair_promotion,0.5,1702,llm_agent,main,GSM8281394_V10A20-073-C1__epithelial_repair_promotion__dose050__seed1702__llm_agent
GSM8281394_V10A20-073-C1,d7_bleo,epithelial_repair_promotion,0.75,1702,llm_agent,main,GSM8281394_V10A20-073-C1__epithelial_repair_promotion__dose075__seed1702__llm_agent
GSM8281394_V10A20-073-C1,d7_bleo,fibroblast_ECM_suppression,0.25,1702,llm_agent,main,GSM8281394_V10A20-073-C1__fibroblast_ECM_suppression__dose025__seed1702__llm_agent
GSM8281394_V10A20-073-C1,d7_bleo,fibroblast_ECM_suppression,0.5,1702,llm_agent,main,GSM8281394_V10A20-073-C1__fibroblast_ECM_suppression__dose050__seed1702__llm_agent
GSM8281394_V10A20-073-C1,d7_bleo,fibroblast_ECM_suppression,0.75,1702,llm_agent,main,GSM8281394_V10A20-073-C1__fibroblast_ECM_suppression__dose075__seed1702__llm_agent
GSM8281394_V10A20-073-C1,d7_bleo,diffusion_only,0.0,1702,diffusion_only,ablation,GSM8281394_V10A20-073-C1__diffusion_only__dose000__seed1702__diffusion_only
GSM8281394_V10A20-073-C1,d7_bleo,rule_agent,0.0,1702,rule_agent,ablation,GSM8281394_V10A20-073-C1__rule_agent__dose000__seed1702__rule_agent
GSM8281394_V10A20-073-C1,d7_bleo,natural_progression,0.0,1703,llm_agent,main,GSM8281394_V10A20-073-C1__natural_progression__dose000__seed1703__llm_agent
GSM8281394_V10A20-073-C1,d7_bleo,TGFB_blockade,0.25,1703,llm_agent,main,GSM8281394_V10A20-073-C1__TGFB_blockade__dose025__seed1703__llm_agent
GSM8281394_V10A20-073-C1,d7_bleo,TGFB_blockade,0.5,1703,llm_agent,main,GSM8281394_V10A20-073-C1__TGFB_blockade__dose050__seed1703__llm_agent
GSM8281394_V10A20-073-C1,d7_bleo,TGFB_blockade,0.75,1703,llm_agent,main,GSM8281394_V10A20-073-C1__TGFB_blockade__dose075__seed1703__llm_agent
GSM8281394_V10A20-073-C1,d7_bleo,macrophage_SPP1_APOE_suppression,0.25,1703,llm_agent,main,GSM8281394_V10A20-073-C1__macrophage_SPP1_APOE_suppression__dose025__seed1703__llm_agent
GSM8281394_V10A20-073-C1,d7_bleo,macrophage_SPP1_APOE_suppression,0.5,1703,llm_agent,main,GSM8281394_V10A20-073-C1__macrophage_SPP1_APOE_suppression__dose050__seed1703__llm_agent
GSM8281394_V10A20-073-C1,d7_bleo,macrophage_SPP1_APOE_suppression,0.75,1703,llm_agent,main,GSM8281394_V10A20-073-C1__macrophage_SPP1_APOE_suppression__dose075__seed1703__llm_agent
GSM8281394_V10A20-073-C1,d7_bleo,epithelial_repair_promotion,0.25,1703,llm_agent,main,GSM8281394_V10A20-073-C1__epithelial_repair_promotion__dose025__seed1703__llm_agent
GSM8281394_V10A20-073-C1,d7_bleo,epithelial_repair_promotion,0.5,1703,llm_agent,main,GSM8281394_V10A20-073-C1__epithelial_repair_promotion__dose050__seed1703__llm_agent
GSM8281394_V10A20-073-C1,d7_bleo,epithelial_repair_promotion,0.75,1703,llm_agent,main,GSM8281394_V10A20-073-C1__epithelial_repair_promotion__dose075__seed1703__llm_agent
GSM8281394_V10A20-073-C1,d7_bleo,fibroblast_ECM_suppression,0.25,1703,llm_agent,main,GSM8281394_V10A20-073-C1__fibroblast_ECM_suppression__dose025__seed1703__llm_agent
GSM8281394_V10A20-073-C1,d7_bleo,fibroblast_ECM_suppression,0.5,1703,llm_agent,main,GSM8281394_V10A20-073-C1__fibroblast_ECM_suppression__dose050__seed1703__llm_agent
GSM8281394_V10A20-073-C1,d7_bleo,fibroblast_ECM_suppression,0.75,1703,llm_agent,main,GSM8281394_V10A20-073-C1__fibroblast_ECM_suppression__dose075__seed1703__llm_agent
GSM8281394_V10A20-073-C1,d7_bleo,diffusion_only,0.0,1703,diffusion_only,ablation,GSM8281394_V10A20-073-C1__diffusion_only__dose000__seed1703__diffusion_only
GSM8281394_V10A20-073-C1,d7_bleo,rule_agent,0.0,1703,rule_agent,ablation,GSM8281394_V10A20-073-C1__rule_agent__dose000__seed1703__rule_agent
GSM8281395_V10A20-073-D1,d7_bleo,natural_progression,0.0,1701,llm_agent,main,GSM8281395_V10A20-073-D1__natural_progression__dose000__seed1701__llm_agent
GSM8281395_V10A20-073-D1,d7_bleo,TGFB_blockade,0.25,1701,llm_agent,main,GSM8281395_V10A20-073-D1__TGFB_blockade__dose025__seed1701__llm_agent
GSM8281395_V10A20-073-D1,d7_bleo,TGFB_blockade,0.5,1701,llm_agent,main,GSM8281395_V10A20-073-D1__TGFB_blockade__dose050__seed1701__llm_agent
GSM8281395_V10A20-073-D1,d7_bleo,TGFB_blockade,0.75,1701,llm_agent,main,GSM8281395_V10A20-073-D1__TGFB_blockade__dose075__seed1701__llm_agent
GSM8281395_V10A20-073-D1,d7_bleo,macrophage_SPP1_APOE_suppression,0.25,1701,llm_agent,main,GSM8281395_V10A20-073-D1__macrophage_SPP1_APOE_suppression__dose025__seed1701__llm_agent
GSM8281395_V10A20-073-D1,d7_bleo,macrophage_SPP1_APOE_suppression,0.5,1701,llm_agent,main,GSM8281395_V10A20-073-D1__macrophage_SPP1_APOE_suppression__dose050__seed1701__llm_agent
GSM8281395_V10A20-073-D1,d7_bleo,macrophage_SPP1_APOE_suppression,0.75,1701,llm_agent,main,GSM8281395_V10A20-073-D1__macrophage_SPP1_APOE_suppression__dose075__seed1701__llm_agent
GSM8281395_V10A20-073-D1,d7_bleo,epithelial_repair_promotion,0.25,1701,llm_agent,main,GSM8281395_V10A20-073-D1__epithelial_repair_promotion__dose025__seed1701__llm_agent
GSM8281395_V10A20-073-D1,d7_bleo,epithelial_repair_promotion,0.5,1701,llm_agent,main,GSM8281395_V10A20-073-D1__epithelial_repair_promotion__dose050__seed1701__llm_agent
GSM8281395_V10A20-073-D1,d7_bleo,epithelial_repair_promotion,0.75,1701,llm_agent,main,GSM8281395_V10A20-073-D1__epithelial_repair_promotion__dose075__seed1701__llm_agent
GSM8281395_V10A20-073-D1,d7_bleo,fibroblast_ECM_suppression,0.25,1701,llm_agent,main,GSM8281395_V10A20-073-D1__fibroblast_ECM_suppression__dose025__seed1701__llm_agent
GSM8281395_V10A20-073-D1,d7_bleo,fibroblast_ECM_suppression,0.5,1701,llm_agent,main,GSM8281395_V10A20-073-D1__fibroblast_ECM_suppression__dose050__seed1701__llm_agent
GSM8281395_V10A20-073-D1,d7_bleo,fibroblast_ECM_suppression,0.75,1701,llm_agent,main,GSM8281395_V10A20-073-D1__fibroblast_ECM_suppression__dose075__seed1701__llm_agent
GSM8281395_V10A20-073-D1,d7_bleo,diffusion_only,0.0,1701,diffusion_only,ablation,GSM8281395_V10A20-073-D1__diffusion_only__dose000__seed1701__diffusion_only
GSM8281395_V10A20-073-D1,d7_bleo,rule_agent,0.0,1701,rule_agent,ablation,GSM8281395_V10A20-073-D1__rule_agent__dose000__seed1701__rule_agent
GSM8281395_V10A20-073-D1,d7_bleo,natural_progression,0.0,1702,llm_agent,main,GSM8281395_V10A20-073-D1__natural_progression__dose000__seed1702__llm_agent
GSM8281395_V10A20-073-D1,d7_bleo,TGFB_blockade,0.25,1702,llm_agent,main,GSM8281395_V10A20-073-D1__TGFB_blockade__dose025__seed1702__llm_agent
GSM8281395_V10A20-073-D1,d7_bleo,TGFB_blockade,0.5,1702,llm_agent,main,GSM8281395_V10A20-073-D1__TGFB_blockade__dose050__seed1702__llm_agent
GSM8281395_V10A20-073-D1,d7_bleo,TGFB_blockade,0.75,1702,llm_agent,main,GSM8281395_V10A20-073-D1__TGFB_blockade__dose075__seed1702__llm_agent
GSM8281395_V10A20-073-D1,d7_bleo,macrophage_SPP1_APOE_suppression,0.25,1702,llm_agent,main,GSM8281395_V10A20-073-D1__macrophage_SPP1_APOE_suppression__dose025__seed1702__llm_agent
GSM8281395_V10A20-073-D1,d7_bleo,macrophage_SPP1_APOE_suppression,0.5,1702,llm_agent,main,GSM8281395_V10A20-073-D1__macrophage_SPP1_APOE_suppression__dose050__seed1702__llm_agent
GSM8281395_V10A20-073-D1,d7_bleo,macrophage_SPP1_APOE_suppression,0.75,1702,llm_agent,main,GSM8281395_V10A20-073-D1__macrophage_SPP1_APOE_suppression__dose075__seed1702__llm_agent
GSM8281395_V10A20-073-D1,d7_bleo,epithelial_repair_promotion,0.25,1702,llm_agent,main,GSM8281395_V10A20-073-D1__epithelial_repair_promotion__dose025__seed1702__llm_agent
GSM8281395_V10A20-073-D1,d7_bleo,epithelial_repair_promotion,0.5,1702,llm_agent,main,GSM8281395_V10A20-073-D1__epithelial_repair_promotion__dose050__seed1702__llm_agent
GSM8281395_V10A20-073-D1,d7_bleo,epithelial_repair_promotion,0.75,1702,llm_agent,main,GSM8281395_V10A20-073-D1__epithelial_repair_promotion__dose075__seed1702__llm_agent
GSM8281395_V10A20-073-D1,d7_bleo,fibroblast_ECM_suppression,0.25,1702,llm_agent,main,GSM8281395_V10A20-073-D1__fibroblast_ECM_suppression__dose025__seed1702__llm_agent
GSM8281395_V10A20-073-D1,d7_bleo,fibroblast_ECM_suppression,0.5,1702,llm_agent,main,GSM8281395_V10A20-073-D1__fibroblast_ECM_suppression__dose050__seed1702__llm_agent
GSM8281395_V10A20-073-D1,d7_bleo,fibroblast_ECM_suppression,0.75,1702,llm_agent,main,GSM8281395_V10A20-073-D1__fibroblast_ECM_suppression__dose075__seed1702__llm_agent
GSM8281395_V10A20-073-D1,d7_bleo,diffusion_only,0.0,1702,diffusion_only,ablation,GSM8281395_V10A20-073-D1__diffusion_only__dose000__seed1702__diffusion_only
GSM8281395_V10A20-073-D1,d7_bleo,rule_agent,0.0,1702,rule_agent,ablation,GSM8281395_V10A20-073-D1__rule_agent__dose000__seed1702__rule_agent
GSM8281395_V10A20-073-D1,d7_bleo,natural_progression,0.0,1703,llm_agent,main,GSM8281395_V10A20-073-D1__natural_progression__dose000__seed1703__llm_agent
GSM8281395_V10A20-073-D1,d7_bleo,TGFB_blockade,0.25,1703,llm_agent,main,GSM8281395_V10A20-073-D1__TGFB_blockade__dose025__seed1703__llm_agent
GSM8281395_V10A20-073-D1,d7_bleo,TGFB_blockade,0.5,1703,llm_agent,main,GSM8281395_V10A20-073-D1__TGFB_blockade__dose050__seed1703__llm_agent
GSM8281395_V10A20-073-D1,d7_bleo,TGFB_blockade,0.75,1703,llm_agent,main,GSM8281395_V10A20-073-D1__TGFB_blockade__dose075__seed1703__llm_agent
GSM8281395_V10A20-073-D1,d7_bleo,macrophage_SPP1_APOE_suppression,0.25,1703,llm_agent,main,GSM8281395_V10A20-073-D1__macrophage_SPP1_APOE_suppression__dose025__seed1703__llm_agent
GSM8281395_V10A20-073-D1,d7_bleo,macrophage_SPP1_APOE_suppression,0.5,1703,llm_agent,main,GSM8281395_V10A20-073-D1__macrophage_SPP1_APOE_suppression__dose050__seed1703__llm_agent
GSM8281395_V10A20-073-D1,d7_bleo,macrophage_SPP1_APOE_suppression,0.75,1703,llm_agent,main,GSM8281395_V10A20-073-D1__macrophage_SPP1_APOE_suppression__dose075__seed1703__llm_agent
GSM8281395_V10A20-073-D1,d7_bleo,epithelial_repair_promotion,0.25,1703,llm_agent,main,GSM8281395_V10A20-073-D1__epithelial_repair_promotion__dose025__seed1703__llm_agent
GSM8281395_V10A20-073-D1,d7_bleo,epithelial_repair_promotion,0.5,1703,llm_agent,main,GSM8281395_V10A20-073-D1__epithelial_repair_promotion__dose050__seed1703__llm_agent
GSM8281395_V10A20-073-D1,d7_bleo,epithelial_repair_promotion,0.75,1703,llm_agent,main,GSM8281395_V10A20-073-D1__epithelial_repair_promotion__dose075__seed1703__llm_agent
GSM8281395_V10A20-073-D1,d7_bleo,fibroblast_ECM_suppression,0.25,1703,llm_agent,main,GSM8281395_V10A20-073-D1__fibroblast_ECM_suppression__dose025__seed1703__llm_agent
GSM8281395_V10A20-073-D1,d7_bleo,fibroblast_ECM_suppression,0.5,1703,llm_agent,main,GSM8281395_V10A20-073-D1__fibroblast_ECM_suppression__dose050__seed1703__llm_agent
GSM8281395_V10A20-073-D1,d7_bleo,fibroblast_ECM_suppression,0.75,1703,llm_agent,main,GSM8281395_V10A20-073-D1__fibroblast_ECM_suppression__dose075__seed1703__llm_agent
GSM8281395_V10A20-073-D1,d7_bleo,diffusion_only,0.0,1703,diffusion_only,ablation,GSM8281395_V10A20-073-D1__diffusion_only__dose000__seed1703__diffusion_only
GSM8281395_V10A20-073-D1,d7_bleo,rule_agent,0.0,1703,rule_agent,ablation,GSM8281395_V10A20-073-D1__rule_agent__dose000__seed1703__rule_agent
GSM8281384_V10A20-072-A1,d7_ctrl,natural_progression,0.0,1701,llm_agent,healthy_stability,GSM8281384_V10A20-072-A1__natural_progression__dose000__seed1701__llm_agent
GSM8281384_V10A20-072-A1,d7_ctrl,natural_progression,0.0,1702,llm_agent,healthy_stability,GSM8281384_V10A20-072-A1__natural_progression__dose000__seed1702__llm_agent
GSM8281384_V10A20-072-A1,d7_ctrl,natural_progression,0.0,1703,llm_agent,healthy_stability,GSM8281384_V10A20-072-A1__natural_progression__dose000__seed1703__llm_agent
GSM8281385_V10A20-074-A1,d7_ctrl,natural_progression,0.0,1701,llm_agent,healthy_stability,GSM8281385_V10A20-074-A1__natural_progression__dose000__seed1701__llm_agent
GSM8281385_V10A20-074-A1,d7_ctrl,natural_progression,0.0,1702,llm_agent,healthy_stability,GSM8281385_V10A20-074-A1__natural_progression__dose000__seed1702__llm_agent
GSM8281385_V10A20-074-A1,d7_ctrl,natural_progression,0.0,1703,llm_agent,healthy_stability,GSM8281385_V10A20-074-A1__natural_progression__dose000__seed1703__llm_agent
GSM8281386_V10A20-073-A1,d7_ctrl,natural_progression,0.0,1701,llm_agent,healthy_stability,GSM8281386_V10A20-073-A1__natural_progression__dose000__seed1701__llm_agent
GSM8281386_V10A20-073-A1,d7_ctrl,natural_progression,0.0,1702,llm_agent,healthy_stability,GSM8281386_V10A20-073-A1__natural_progression__dose000__seed1702__llm_agent
GSM8281386_V10A20-073-A1,d7_ctrl,natural_progression,0.0,1703,llm_agent,healthy_stability,GSM8281386_V10A20-073-A1__natural_progression__dose000__seed1703__llm_agent
GSM8281387_V10A20-072-B1,d7_bleo,TGFB_blockade,1.0,1701,llm_agent,positive_control,GSM8281387_V10A20-072-B1__TGFB_blockade__dose100__seed1701__llm_agent
GSM8281387_V10A20-072-B1,d7_bleo,macrophage_SPP1_APOE_suppression,1.0,1701,llm_agent,positive_control,GSM8281387_V10A20-072-B1__macrophage_SPP1_APOE_suppression__dose100__seed1701__llm_agent
GSM8281387_V10A20-072-B1,d7_bleo,epithelial_repair_promotion,1.0,1701,llm_agent,positive_control,GSM8281387_V10A20-072-B1__epithelial_repair_promotion__dose100__seed1701__llm_agent
GSM8281387_V10A20-072-B1,d7_bleo,fibroblast_ECM_suppression,1.0,1701,llm_agent,positive_control,GSM8281387_V10A20-072-B1__fibroblast_ECM_suppression__dose100__seed1701__llm_agent
