day,method,state,mean_proportion,unit_sd,n_units
4,Observed,proliferative_sensitive,0.33058333333333334,0.19368507872890525,4
4,Observed,early_drug_response,0.0037500000000000003,0.0036619287571199722,4
4,Observed,P2RX7_ion_signal_response,0.08491666666666667,0.028584548079143898,4
4,Observed,senescent_like,0.0016666666666666668,0.0017795130420052187,4
4,Observed,immune_like_resistant,0.06208333333333334,0.04697243577059021,4
4,Observed,intrinsic_resistant,0.5154166666666666,0.1975400627439631,4
4,Observed,stress_adaptive,0.0,0.0,4
4,Observed,apoptotic_or_dying,0.0015833333333333333,0.0014018836534383937,4
33,Observed,proliferative_sensitive,0.3775833333333334,0.2429862107427315,4
33,Observed,early_drug_response,0.007416666666666665,0.005604437725786791,4
33,Observed,P2RX7_ion_signal_response,0.0855,0.04521645472367087,4
33,Observed,senescent_like,0.003,0.003880148908940939,4
33,Observed,immune_like_resistant,0.13083333333333333,0.06455079825653247,4
33,Observed,intrinsic_resistant,0.3909166666666667,0.1454791651749487,4
33,Observed,stress_adaptive,0.0,0.0,4
33,Observed,apoptotic_or_dying,0.00475,0.00301270458042087,4
4,scGen,proliferative_sensitive,0.06858333333333333,0.026950958548197623,4
4,scGen,early_drug_response,0.002,0.0008498365855987975,4
4,scGen,P2RX7_ion_signal_response,0.02775,0.018502815101131685,4
4,scGen,senescent_like,0.008583333333333333,0.005282965286865154,4
4,scGen,immune_like_resistant,0.012583333333333334,0.00904118662320138,4
4,scGen,intrinsic_resistant,0.8758333333333334,0.054498980622474866,4
4,scGen,stress_adaptive,0.0,0.0,4
4,scGen,apoptotic_or_dying,0.004666666666666666,0.004268749491621899,4
4,WOT,proliferative_sensitive,0.11858333333333333,0.06725258152831178,4
4,WOT,early_drug_response,0.003,0.003018461712712472,4
4,WOT,P2RX7_ion_signal_response,0.026,0.019490738541391623,4
4,WOT,senescent_like,0.00825,0.008138983693039049,4
4,WOT,immune_like_resistant,0.01325,0.00807387763097757,4
4,WOT,intrinsic_resistant,0.8275,0.06442803909962044,4
4,WOT,stress_adaptive,0.0,0.0,4
4,WOT,apoptotic_or_dying,0.003416666666666667,0.0013202482931462382,4
4,CellRank,proliferative_sensitive,0.28141666666666665,0.061112998708221726,4
4,CellRank,early_drug_response,0.012833333333333332,0.006361778227997438,4
4,CellRank,P2RX7_ion_signal_response,0.08491666666666667,0.040499228387711285,4
4,CellRank,senescent_like,0.058333333333333334,0.05337290198843104,4
4,CellRank,immune_like_resistant,0.03125,0.020022730139074997,4
4,CellRank,intrinsic_resistant,0.4815,0.0682741613724483,4
4,CellRank,stress_adaptive,0.0,0.0,4
4,CellRank,apoptotic_or_dying,0.04975,0.009563748103007409,4
33,scGen,proliferative_sensitive,0.07908333333333334,0.034574697717004305,4
33,scGen,early_drug_response,0.00175,0.0007592027982620249,4
33,scGen,P2RX7_ion_signal_response,0.02575,0.01753310361066238,4
33,scGen,senescent_like,0.0065,0.0027938424357067016,4
33,scGen,immune_like_resistant,0.021916666666666668,0.01499699043882546,4
33,scGen,intrinsic_resistant,0.859,0.05623610939600999,4
33,scGen,stress_adaptive,0.0,0.0,4
33,scGen,apoptotic_or_dying,0.006,0.005666666666666666,4
33,WOT,proliferative_sensitive,0.22116666666666668,0.17183931447721734,4
33,WOT,early_drug_response,0.004083333333333334,0.004668898275943813,4
33,WOT,P2RX7_ion_signal_response,0.02075,0.011818946653572814,4
33,WOT,senescent_like,0.029166666666666667,0.03602506843235077,4
33,WOT,immune_like_resistant,0.026916666666666665,0.013949064086485835,4
33,WOT,intrinsic_resistant,0.69225,0.16365909266249493,4
33,WOT,stress_adaptive,0.0,0.0,4
33,WOT,apoptotic_or_dying,0.005666666666666666,0.0026562295750848708,4
33,CellRank,proliferative_sensitive,0.28141666666666665,0.061112998708221726,4
33,CellRank,early_drug_response,0.012833333333333332,0.006361778227997438,4
33,CellRank,P2RX7_ion_signal_response,0.08491666666666667,0.040499228387711285,4
33,CellRank,senescent_like,0.058333333333333334,0.05337290198843104,4
33,CellRank,immune_like_resistant,0.03125,0.020022730139074997,4
33,CellRank,intrinsic_resistant,0.4815,0.0682741613724483,4
33,CellRank,stress_adaptive,0.0,0.0,4
33,CellRank,apoptotic_or_dying,0.04975,0.009563748103007409,4
4,Leca-VC,proliferative_sensitive,0.3193333333333333,0.04327688631231328,3
4,Leca-VC,early_drug_response,0.04866666666666667,0.021929178937864707,3
4,Leca-VC,P2RX7_ion_signal_response,0.033999999999999996,0.009092121131323903,3
4,Leca-VC,senescent_like,0.004666666666666667,0.0037712361663282535,3
4,Leca-VC,immune_like_resistant,0.02266666666666667,0.013299958228840003,3
4,Leca-VC,intrinsic_resistant,0.536,0.026733250207684533,3
4,Leca-VC,stress_adaptive,0.029333333333333333,0.01611072796479276,3
4,Leca-VC,apoptotic_or_dying,0.005333333333333333,0.004988876515698589,3
33,Leca-VC,proliferative_sensitive,0.1473333333333333,0.09101404043088929,3
33,Leca-VC,early_drug_response,0.04066666666666663,0.012472191289246516,3
33,Leca-VC,P2RX7_ion_signal_response,0.08266666666666662,0.04999555535800718,3
33,Leca-VC,senescent_like,0.0413333333333333,0.027047283700134393,3
33,Leca-VC,immune_like_resistant,0.014666666666666633,0.010624918300339443,3
33,Leca-VC,intrinsic_resistant,0.5426666666666667,0.024513035081133644,3
33,Leca-VC,stress_adaptive,0.08599999999999997,0.049826365176146144,3
33,Leca-VC,apoptotic_or_dying,0.04466666666666663,0.047953681355611864,3
